/*******************************************************************************
 * Size: 60 px
 * Bpp: 2
 * Opts: --font /fonts/core/NotoSans-Bold.ttf -o /fonts/NS_Bold_60_data.c --no-compress --size 60 --bpp 2 --format lvgl --symbols °· --range 0x20-0x7F
 ******************************************************************************/

#ifdef LV_LVGL_H_INCLUDE_SIMPLE
#include "lvgl.h"
#else
#include "lvgl/lvgl.h"
#endif

#ifndef NS_BOLD_60_DATA
#define NS_BOLD_60_DATA 1
#endif

#if NS_BOLD_60_DATA

/*-----------------
 *    BITMAPS
 *----------------*/

/*Store the image of the glyphs*/
static LV_ATTRIBUTE_LARGE_CONST const uint8_t glyph_bitmap[] = {
    /* U+0020 " " */

    /* U+0021 "!" */
    0xbf, 0xff, 0xfa, 0xff, 0xff, 0xdb, 0xff, 0xff,
    0x5f, 0xff, 0xfd, 0x7f, 0xff, 0xf5, 0xff, 0xff,
    0xd7, 0xff, 0xff, 0xf, 0xff, 0xfc, 0x3f, 0xff,
    0xf0, 0xff, 0xff, 0xc3, 0xff, 0xff, 0xf, 0xff,
    0xfc, 0x3f, 0xff, 0xf0, 0xff, 0xff, 0xc3, 0xff,
    0xff, 0xf, 0xff, 0xfc, 0x3f, 0xff, 0xe0, 0xbf,
    0xff, 0x82, 0xff, 0xfe, 0xb, 0xff, 0xf8, 0x2f,
    0xff, 0xd0, 0xbf, 0xff, 0x41, 0xff, 0xfd, 0x7,
    0xff, 0xf4, 0x1f, 0xff, 0xd0, 0x7f, 0xff, 0x1,
    0xff, 0xfc, 0x3, 0xff, 0xf0, 0xa, 0xaa, 0x80,
    0x0, 0x0, 0x0, 0x0, 0x0, 0x0, 0x0, 0x0,
    0x0, 0x54, 0x0, 0x2f, 0xfe, 0x3, 0xff, 0xff,
    0x1f, 0xff, 0xfd, 0xbf, 0xff, 0xf7, 0xff, 0xff,
    0xeb, 0xff, 0xff, 0x9f, 0xff, 0xfd, 0x3f, 0xff,
    0xf0, 0x3f, 0xfe, 0x0, 0x5, 0x40, 0x0,

    /* U+0022 "\"" */
    0x7f, 0xff, 0xd0, 0x2f, 0xff, 0xf0, 0xff, 0xff,
    0x0, 0x7f, 0xff, 0xc3, 0xff, 0xfc, 0x1, 0xff,
    0xff, 0xf, 0xff, 0xf0, 0x7, 0xff, 0xf8, 0x3f,
    0xff, 0xc0, 0xf, 0xff, 0xe0, 0xff, 0xff, 0x0,
    0x3f, 0xff, 0x83, 0xff, 0xfc, 0x0, 0xff, 0xfe,
    0xf, 0xff, 0xe0, 0x3, 0xff, 0xf4, 0x2f, 0xff,
    0x80, 0xf, 0xff, 0xd0, 0xbf, 0xfe, 0x0, 0x3f,
    0xff, 0x42, 0xff, 0xf4, 0x0, 0xbf, 0xfc, 0x7,
    0xff, 0xd0, 0x2, 0xff, 0xf0, 0x1f, 0xff, 0x40,
    0xb, 0xff, 0xc0, 0x7f, 0xfc, 0x0, 0x2f, 0xff,
    0x0, 0xff, 0xf0, 0x0, 0x7f, 0xfc, 0x1, 0x55,
    0x40, 0x0, 0x55, 0x50,

    /* U+0023 "#" */
    0x0, 0x0, 0x0, 0x3f, 0xfd, 0x0, 0x2f, 0xfe,
    0x0, 0x0, 0x0, 0x0, 0xf, 0xff, 0x40, 0xf,
    0xff, 0x40, 0x0, 0x0, 0x0, 0x7, 0xff, 0xc0,
    0x3, 0xff, 0xc0, 0x0, 0x0, 0x0, 0x2, 0xff,
    0xf0, 0x1, 0xff, 0xf0, 0x0, 0x0, 0x0, 0x0,
    0xbf, 0xf8, 0x0, 0x7f, 0xfc, 0x0, 0x0, 0x0,
    0x0, 0x3f, 0xfe, 0x0, 0x2f, 0xfe, 0x0, 0x0,
    0x0, 0x0, 0xf, 0xff, 0x40, 0xf, 0xff, 0x40,
    0x0, 0x0, 0x0, 0x7, 0xff, 0xc0, 0x3, 0xff,
    0xd0, 0x0, 0x0, 0x0, 0x1, 0xff, 0xf0, 0x0,
    0xff, 0xf0, 0x0, 0x0, 0x0, 0x0, 0xbf, 0xfc,
    0x0, 0x7f, 0xfc, 0x0, 0x0, 0x0, 0x0, 0x3f,
    0xfe, 0x0, 0x2f, 0xfe, 0x0, 0x0, 0x0, 0x0,
    0xf, 0xff, 0x40, 0xf, 0xff, 0x80, 0x0, 0xb,
    0xff, 0xff, 0xff, 0xff, 0xff, 0xff, 0xff, 0xff,
    0x42, 0xff, 0xff, 0xff, 0xff, 0xff, 0xff, 0xff,
    0xff, 0xd0, 0xbf, 0xff, 0xff, 0xff, 0xff, 0xff,
    0xff, 0xff, 0xf4, 0x2f, 0xff, 0xff, 0xff, 0xff,
    0xff, 0xff, 0xff, 0xfd, 0xb, 0xff, 0xff, 0xff,
    0xff, 0xff, 0xff, 0xff, 0xff, 0x42, 0xff, 0xff,
    0xff, 0xff, 0xff, 0xff, 0xff, 0xff, 0xd0, 0x0,
    0x1, 0xff, 0xf0, 0x0, 0xff, 0xf0, 0x0, 0x0,
    0x0, 0x0, 0xbf, 0xfc, 0x0, 0x7f, 0xfc, 0x0,
    0x0, 0x0, 0x0, 0x3f, 0xfe, 0x0, 0x2f, 0xfe,
    0x0, 0x0, 0x0, 0x0, 0xf, 0xff, 0x40, 0xf,
    0xff, 0x40, 0x0, 0x0, 0x0, 0x3, 0xff, 0xc0,
    0x3, 0xff, 0xc0, 0x0, 0x0, 0x0, 0x1, 0xff,
    0xf0, 0x1, 0xff, 0xf0, 0x0, 0x0, 0xbf, 0xff,
    0xff, 0xff, 0xff, 0xff, 0xff, 0xff, 0xf4, 0x2f,
    0xff, 0xff, 0xff, 0xff, 0xff, 0xff, 0xff, 0xfd,
    0xb, 0xff, 0xff, 0xff, 0xff, 0xff, 0xff, 0xff,
    0xff, 0x42, 0xff, 0xff, 0xff, 0xff, 0xff, 0xff,
    0xff, 0xff, 0xd0, 0xbf, 0xff, 0xff, 0xff, 0xff,
    0xff, 0xff, 0xff, 0xf4, 0x2f, 0xff, 0xff, 0xff,
    0xff, 0xff, 0xff, 0xff, 0xfd, 0x0, 0x0, 0x3f,
    0xfe, 0x0, 0x3f, 0xfe, 0x0, 0x0, 0x0, 0x0,
    0xf, 0xff, 0x40, 0xf, 0xff, 0x40, 0x0, 0x0,
    0x0, 0x3, 0xff, 0xc0, 0x3, 0xff, 0xd0, 0x0,
    0x0, 0x0, 0x1, 0xff, 0xf0, 0x1, 0xff, 0xf0,
    0x0, 0x0, 0x0, 0x0, 0xbf, 0xfc, 0x0, 0xbf,
    0xfc, 0x0, 0x0, 0x0, 0x0, 0x2f, 0xfe, 0x0,
    0x2f, 0xfe, 0x0, 0x0, 0x0, 0x0, 0xf, 0xff,
    0x40, 0xf, 0xff, 0x80, 0x0, 0x0, 0x0, 0x3,
    0xff, 0xd0, 0x3, 0xff, 0xd0, 0x0, 0x0, 0x0,
    0x0, 0xff, 0xf0, 0x1, 0xff, 0xf0, 0x0, 0x0,
    0x0, 0x0, 0x7f, 0xfc, 0x0, 0x7f, 0xfc, 0x0,
    0x0, 0x0, 0x0, 0x2f, 0xfe, 0x0, 0x2f, 0xff,
    0x0, 0x0, 0x0, 0x0, 0xf, 0xff, 0x80, 0xf,
    0xff, 0x80, 0x0, 0x0, 0x0,

    /* U+0024 "$" */
    0x0, 0x0, 0x0, 0x3f, 0xc0, 0x0, 0x0, 0x0,
    0x0, 0x0, 0x3, 0xfc, 0x0, 0x0, 0x0, 0x0,
    0x0, 0x0, 0x3f, 0xc0, 0x0, 0x0, 0x0, 0x0,
    0x0, 0x3, 0xfc, 0x0, 0x0, 0x0, 0x0, 0x0,
    0x1, 0x7f, 0xe9, 0x50, 0x0, 0x0, 0x0, 0x1b,
    0xff, 0xff, 0xff, 0xf9, 0x0, 0x0, 0x1f, 0xff,
    0xff, 0xff, 0xff, 0xfe, 0x40, 0xb, 0xff, 0xff,
    0xff, 0xff, 0xff, 0xfc, 0x3, 0xff, 0xff, 0xff,
    0xff, 0xff, 0xff, 0x80, 0xbf, 0xff, 0xff, 0xff,
    0xff, 0xff, 0xf4, 0x1f, 0xff, 0xff, 0xff, 0xff,
    0xff, 0xff, 0x3, 0xff, 0xff, 0xff, 0xfe, 0xbf,
    0xff, 0xe0, 0x3f, 0xff, 0xf8, 0x3f, 0xc0, 0x17,
    0xfc, 0x7, 0xff, 0xfe, 0x3, 0xfc, 0x0, 0x1,
    0x80, 0x7f, 0xff, 0xd0, 0x3f, 0xc0, 0x0, 0x0,
    0x7, 0xff, 0xfe, 0x3, 0xfc, 0x0, 0x0, 0x0,
    0x7f, 0xff, 0xf0, 0x3f, 0xc0, 0x0, 0x0, 0x3,
    0xff, 0xff, 0xd3, 0xfc, 0x0, 0x0, 0x0, 0x3f,
    0xff, 0xff, 0xff, 0xc0, 0x0, 0x0, 0x1, 0xff,
    0xff, 0xff, 0xfc, 0x0, 0x0, 0x0, 0xb, 0xff,
    0xff, 0xff, 0xe4, 0x0, 0x0, 0x0, 0x3f, 0xff,
    0xff, 0xff, 0xf8, 0x0, 0x0, 0x0, 0xbf, 0xff,
    0xff, 0xff, 0xf8, 0x0, 0x0, 0x1, 0xff, 0xff,
    0xff, 0xff, 0xf8, 0x0, 0x0, 0x2, 0xff, 0xff,
    0xff, 0xff, 0xf4, 0x0, 0x0, 0x1, 0xff, 0xff,
    0xff, 0xff, 0xd0, 0x0, 0x0, 0x1, 0xff, 0xff,
    0xff, 0xff, 0x40, 0x0, 0x0, 0x3, 0xff, 0xff,
    0xff, 0xfc, 0x0, 0x0, 0x0, 0x3f, 0xff, 0xff,
    0xff, 0xd0, 0x0, 0x0, 0x3, 0xfc, 0x3f, 0xff,
    0xfe, 0x0, 0x0, 0x0, 0x3f, 0xc0, 0xbf, 0xff,
    0xf0, 0x0, 0x0, 0x3, 0xfc, 0x3, 0xff, 0xff,
    0x0, 0x0, 0x0, 0x3f, 0xc0, 0x3f, 0xff, 0xf7,
    0x40, 0x0, 0x3, 0xfc, 0x3, 0xff, 0xff, 0x7f,
    0x90, 0x0, 0x3f, 0xc0, 0xbf, 0xff, 0xe7, 0xff,
    0xf9, 0x3, 0xfd, 0x7f, 0xff, 0xfd, 0x7f, 0xff,
    0xff, 0xff, 0xff, 0xff, 0xff, 0xc7, 0xff, 0xff,
    0xff, 0xff, 0xff, 0xff, 0xf4, 0x7f, 0xff, 0xff,
    0xff, 0xff, 0xff, 0xfe, 0x7, 0xff, 0xff, 0xff,
    0xff, 0xff, 0xff, 0x40, 0x3f, 0xff, 0xff, 0xff,
    0xff, 0xff, 0xd0, 0x0, 0x1f, 0xff, 0xff, 0xff,
    0xff, 0x90, 0x0, 0x0, 0x1, 0xab, 0xff, 0xf9,
    0x40, 0x0, 0x0, 0x0, 0x0, 0x3, 0xfc, 0x0,
    0x0, 0x0, 0x0, 0x0, 0x0, 0x3f, 0xc0, 0x0,
    0x0, 0x0, 0x0, 0x0, 0x3, 0xfc, 0x0, 0x0,
    0x0, 0x0, 0x0, 0x0, 0x3f, 0xc0, 0x0, 0x0,
    0x0, 0x0, 0x0, 0x3, 0xfc, 0x0, 0x0, 0x0,
    0x0, 0x0, 0x0, 0x15, 0x40, 0x0, 0x0, 0x0,

    /* U+0025 "%" */
    0x0, 0x0, 0x55, 0x40, 0x0, 0x0, 0x0, 0x0,
    0x0, 0x0, 0x0, 0x0, 0x0, 0x0, 0xb, 0xff,
    0xfd, 0x0, 0x0, 0x0, 0x0, 0xf, 0xff, 0xc0,
    0x0, 0x0, 0x0, 0x7f, 0xff, 0xff, 0xc0, 0x0,
    0x0, 0x0, 0x2f, 0xff, 0x80, 0x0, 0x0, 0x1,
    0xff, 0xff, 0xff, 0xf0, 0x0, 0x0, 0x0, 0x3f,
    0xff, 0x0, 0x0, 0x0, 0x3, 0xff, 0xff, 0xff,
    0xfc, 0x0, 0x0, 0x0, 0xbf, 0xfd, 0x0, 0x0,
    0x0, 0xb, 0xff, 0xff, 0xff, 0xfd, 0x0, 0x0,
    0x1, 0xff, 0xfc, 0x0, 0x0, 0x0, 0xf, 0xff,
    0xf5, 0xff, 0xff, 0x0, 0x0, 0x3, 0xff, 0xf4,
    0x0, 0x0, 0x0, 0x1f, 0xff, 0xc0, 0x3f, 0xff,
    0x40, 0x0, 0x7, 0xff, 0xe0, 0x0, 0x0, 0x0,
    0x2f, 0xff, 0x40, 0x2f, 0xff, 0x80, 0x0, 0xf,
    0xff, 0xc0, 0x0, 0x0, 0x0, 0x3f, 0xff, 0x0,
    0xf, 0xff, 0xc0, 0x0, 0x2f, 0xff, 0x80, 0x0,
    0x0, 0x0, 0x3f, 0xff, 0x0, 0xf, 0xff, 0xc0,
    0x0, 0x3f, 0xff, 0x0, 0x0, 0x0, 0x0, 0x3f,
    0xff, 0x0, 0xf, 0xff, 0xc0, 0x0, 0xbf, 0xfd,
    0x0, 0x0, 0x0, 0x0, 0x3f, 0xff, 0x0, 0xf,
    0xff, 0xc0, 0x0, 0xff, 0xfc, 0x0, 0x0, 0x0,
    0x0, 0x3f, 0xff, 0x0, 0xf, 0xff, 0xc0, 0x3,
    0xff, 0xf4, 0x0, 0x0, 0x0, 0x0, 0x3f, 0xff,
    0x0, 0xf, 0xff, 0xc0, 0x7, 0xff, 0xf0, 0x0,
    0x0, 0x0, 0x0, 0x3f, 0xff, 0x0, 0xf, 0xff,
    0xc0, 0xf, 0xff, 0xc0, 0x0, 0x0, 0x0, 0x0,
    0x3f, 0xff, 0x0, 0xf, 0xff, 0xc0, 0x1f, 0xff,
    0x80, 0x0, 0x0, 0x0, 0x0, 0x3f, 0xff, 0x0,
    0xf, 0xff, 0xc0, 0x3f, 0xff, 0x0, 0x1b, 0xfe,
    0x40, 0x0, 0x2f, 0xff, 0x40, 0x1f, 0xff, 0x80,
    0xbf, 0xfe, 0x2, 0xff, 0xff, 0xf4, 0x0, 0x1f,
    0xff, 0xc0, 0x3f, 0xff, 0x40, 0xff, 0xfc, 0xb,
    0xff, 0xff, 0xfe, 0x0, 0xf, 0xff, 0xe0, 0xbf,
    0xff, 0x3, 0xff, 0xf4, 0x2f, 0xff, 0xff, 0xff,
    0x80, 0xb, 0xff, 0xff, 0xff, 0xfe, 0x7, 0xff,
    0xf0, 0x3f, 0xff, 0xff, 0xff, 0xc0, 0x3, 0xff,
    0xff, 0xff, 0xfc, 0xf, 0xff, 0xd0, 0xbf, 0xff,
    0xff, 0xff, 0xf0, 0x1, 0xff, 0xff, 0xff, 0xf4,
    0x1f, 0xff, 0x80, 0xff, 0xfd, 0x7, 0xff, 0xf0,
    0x0, 0x7f, 0xff, 0xff, 0xd0, 0x3f, 0xff, 0x1,
    0xff, 0xfc, 0x2, 0xff, 0xf8, 0x0, 0xb, 0xff,
    0xff, 0x0, 0xbf, 0xfe, 0x2, 0xff, 0xf4, 0x1,
    0xff, 0xfc, 0x0, 0x0, 0x6a, 0x90, 0x0, 0xff,
    0xfc, 0x3, 0xff, 0xf4, 0x0, 0xff, 0xfc, 0x0,
    0x0, 0x0, 0x0, 0x2, 0xff, 0xf4, 0x3, 0xff,
    0xf0, 0x0, 0xff, 0xfc, 0x0, 0x0, 0x0, 0x0,
    0x7, 0xff, 0xf0, 0x3, 0xff, 0xf0, 0x0, 0xff,
    0xfd, 0x0, 0x0, 0x0, 0x0, 0xf, 0xff, 0xd0,
    0x3, 0xff, 0xf0, 0x0, 0xff, 0xfd, 0x0, 0x0,
    0x0, 0x0, 0x1f, 0xff, 0x80, 0x3, 0xff, 0xf0,
    0x0, 0xff, 0xfd, 0x0, 0x0, 0x0, 0x0, 0x3f,
    0xff, 0x0, 0x3, 0xff, 0xf0, 0x0, 0xff, 0xfd,
    0x0, 0x0, 0x0, 0x0, 0xbf, 0xfe, 0x0, 0x3,
    0xff, 0xf0, 0x0, 0xff, 0xfc, 0x0, 0x0, 0x0,
    0x0, 0xff, 0xfc, 0x0, 0x3, 0xff, 0xf0, 0x0,
    0xff, 0xfc, 0x0, 0x0, 0x0, 0x2, 0xff, 0xf4,
    0x0, 0x2, 0xff, 0xf4, 0x0, 0xff, 0xfc, 0x0,
    0x0, 0x0, 0x3, 0xff, 0xf0, 0x0, 0x1, 0xff,
    0xf8, 0x1, 0xff, 0xf8, 0x0, 0x0, 0x0, 0xf,
    0xff, 0xd0, 0x0, 0x0, 0xff, 0xfc, 0x3, 0xff,
    0xf4, 0x0, 0x0, 0x0, 0x1f, 0xff, 0xc0, 0x0,
    0x0, 0xff, 0xff, 0x5b, 0xff, 0xf0, 0x0, 0x0,
    0x0, 0x3f, 0xff, 0x0, 0x0, 0x0, 0x7f, 0xff,
    0xff, 0xff, 0xe0, 0x0, 0x0, 0x0, 0xbf, 0xfe,
    0x0, 0x0, 0x0, 0x2f, 0xff, 0xff, 0xff, 0xc0,
    0x0, 0x0, 0x0, 0xff, 0xfc, 0x0, 0x0, 0x0,
    0xf, 0xff, 0xff, 0xff, 0x40, 0x0, 0x0, 0x2,
    0xff, 0xf8, 0x0, 0x0, 0x0, 0x3, 0xff, 0xff,
    0xfd, 0x0, 0x0, 0x0, 0x3, 0xff, 0xf0, 0x0,
    0x0, 0x0, 0x0, 0x7f, 0xff, 0xe0, 0x0, 0x0,
    0x0, 0x0, 0x0, 0x0, 0x0, 0x0, 0x0, 0x0,
    0x1, 0x54, 0x0, 0x0,

    /* U+0026 "&" */
    0x0, 0x0, 0x0, 0x15, 0x55, 0x0, 0x0, 0x0,
    0x0, 0x0, 0x0, 0x0, 0x0, 0x2f, 0xff, 0xff,
    0xe0, 0x0, 0x0, 0x0, 0x0, 0x0, 0x0, 0xb,
    0xff, 0xff, 0xff, 0xf8, 0x0, 0x0, 0x0, 0x0,
    0x0, 0x0, 0xff, 0xff, 0xff, 0xff, 0xfc, 0x0,
    0x0, 0x0, 0x0, 0x0, 0xf, 0xff, 0xff, 0xff,
    0xff, 0xfc, 0x0, 0x0, 0x0, 0x0, 0x0, 0xbf,
    0xff, 0xff, 0xff, 0xff, 0xf8, 0x0, 0x0, 0x0,
    0x0, 0x3, 0xff, 0xff, 0xff, 0xff, 0xff, 0xf0,
    0x0, 0x0, 0x0, 0x0, 0x2f, 0xff, 0xfe, 0x57,
    0xff, 0xff, 0xd0, 0x0, 0x0, 0x0, 0x0, 0xff,
    0xff, 0xc0, 0x1, 0xff, 0xff, 0x80, 0x0, 0x0,
    0x0, 0x3, 0xff, 0xfe, 0x0, 0x3, 0xff, 0xfe,
    0x0, 0x0, 0x0, 0x0, 0xf, 0xff, 0xf4, 0x0,
    0xb, 0xff, 0xf8, 0x0, 0x0, 0x0, 0x0, 0x3f,
    0xff, 0xd0, 0x0, 0x3f, 0xff, 0xd0, 0x0, 0x0,
    0x0, 0x0, 0xbf, 0xff, 0x80, 0x0, 0xff, 0xff,
    0x0, 0x0, 0x0, 0x0, 0x1, 0xff, 0xff, 0x0,
    0xf, 0xff, 0xfc, 0x0, 0x0, 0x0, 0x0, 0x3,
    0xff, 0xfe, 0x1, 0xff, 0xff, 0xd0, 0x0, 0x0,
    0x0, 0x0, 0xb, 0xff, 0xfd, 0x2f, 0xff, 0xfe,
    0x0, 0x0, 0x0, 0x0, 0x0, 0xf, 0xff, 0xff,
    0xff, 0xff, 0xf0, 0x0, 0x0, 0x0, 0x0, 0x0,
    0x1f, 0xff, 0xff, 0xff, 0xff, 0x0, 0x0, 0x0,
    0x0, 0x0, 0x0, 0x2f, 0xff, 0xff, 0xff, 0xe0,
    0x0, 0x0, 0x0, 0x0, 0x0, 0x0, 0x3f, 0xff,
    0xff, 0xfd, 0x0, 0x0, 0x0, 0x0, 0x0, 0x0,
    0x7, 0xff, 0xff, 0xff, 0x80, 0x0, 0x0, 0xaa,
    0xaa, 0x80, 0x0, 0xbf, 0xff, 0xff, 0xfe, 0x0,
    0x0, 0x7, 0xff, 0xff, 0x0, 0xf, 0xff, 0xff,
    0xff, 0xfe, 0x0, 0x0, 0x2f, 0xff, 0xf8, 0x0,
    0xff, 0xff, 0xff, 0xff, 0xfe, 0x0, 0x0, 0xff,
    0xff, 0xc0, 0xb, 0xff, 0xff, 0xff, 0xff, 0xfe,
    0x0, 0x7, 0xff, 0xff, 0x0, 0x3f, 0xff, 0xfe,
    0x2f, 0xff, 0xfe, 0x0, 0x3f, 0xff, 0xf4, 0x2,
    0xff, 0xff, 0xe0, 0x2f, 0xff, 0xff, 0x1, 0xff,
    0xff, 0xc0, 0xf, 0xff, 0xff, 0x0, 0x2f, 0xff,
    0xff, 0xf, 0xff, 0xfe, 0x0, 0x7f, 0xff, 0xf0,
    0x0, 0x2f, 0xff, 0xff, 0x7f, 0xff, 0xf0, 0x1,
    0xff, 0xff, 0xc0, 0x0, 0x2f, 0xff, 0xff, 0xff,
    0xff, 0x80, 0xb, 0xff, 0xff, 0x0, 0x0, 0x2f,
    0xff, 0xff, 0xff, 0xfc, 0x0, 0x2f, 0xff, 0xfc,
    0x0, 0x0, 0x2f, 0xff, 0xff, 0xff, 0xd0, 0x0,
    0xbf, 0xff, 0xf0, 0x0, 0x0, 0x2f, 0xff, 0xff,
    0xfe, 0x0, 0x1, 0xff, 0xff, 0xe0, 0x0, 0x0,
    0x2f, 0xff, 0xff, 0xf0, 0x0, 0x3, 0xff, 0xff,
    0xe0, 0x0, 0x0, 0x7f, 0xff, 0xff, 0x40, 0x0,
    0xf, 0xff, 0xff, 0xf4, 0x0, 0x2f, 0xff, 0xff,
    0xff, 0x40, 0x0, 0x1f, 0xff, 0xff, 0xff, 0xff,
    0xff, 0xff, 0xff, 0xff, 0x40, 0x0, 0x3f, 0xff,
    0xff, 0xff, 0xff, 0xff, 0xff, 0xff, 0xff, 0x40,
    0x0, 0x3f, 0xff, 0xff, 0xff, 0xff, 0xff, 0xff,
    0xff, 0xff, 0x40, 0x0, 0x7f, 0xff, 0xff, 0xff,
    0xff, 0xff, 0xff, 0xff, 0xff, 0x40, 0x0, 0x3f,
    0xff, 0xff, 0xff, 0xff, 0xfd, 0x2f, 0xff, 0xff,
    0x40, 0x0, 0x1f, 0xff, 0xff, 0xff, 0xff, 0x40,
    0x2f, 0xff, 0xff, 0x40, 0x0, 0x6, 0xff, 0xff,
    0xff, 0x80, 0x0, 0x2f, 0xff, 0xff, 0x40, 0x0,
    0x0, 0x15, 0x55, 0x0, 0x0, 0x0, 0x0, 0x0,
    0x0,

    /* U+0027 "'" */
    0x7f, 0xff, 0xd3, 0xff, 0xfc, 0x3f, 0xff, 0xc3,
    0xff, 0xfc, 0x3f, 0xff, 0xc3, 0xff, 0xfc, 0x3f,
    0xff, 0xc3, 0xff, 0xf8, 0x2f, 0xff, 0x82, 0xff,
    0xf8, 0x2f, 0xff, 0x41, 0xff, 0xf4, 0x1f, 0xff,
    0x41, 0xff, 0xf0, 0xf, 0xff, 0x0, 0x55, 0x50,

    /* U+0028 "(" */
    0x0, 0x0, 0x3f, 0xff, 0x0, 0x0, 0x3f, 0xff,
    0x80, 0x0, 0x2f, 0xff, 0xc0, 0x0, 0x1f, 0xff,
    0xd0, 0x0, 0xf, 0xff, 0xe0, 0x0, 0xb, 0xff,
    0xf0, 0x0, 0x3, 0xff, 0xf8, 0x0, 0x2, 0xff,
    0xfc, 0x0, 0x0, 0xff, 0xfe, 0x0, 0x0, 0xbf,
    0xff, 0x40, 0x0, 0x3f, 0xff, 0xc0, 0x0, 0x1f,
    0xff, 0xe0, 0x0, 0xb, 0xff, 0xf4, 0x0, 0x3,
    0xff, 0xfc, 0x0, 0x0, 0xff, 0xfe, 0x0, 0x0,
    0x7f, 0xff, 0x40, 0x0, 0x2f, 0xff, 0xc0, 0x0,
    0xf, 0xff, 0xf0, 0x0, 0x3, 0xff, 0xfc, 0x0,
    0x0, 0xff, 0xfe, 0x0, 0x0, 0x7f, 0xff, 0x80,
    0x0, 0x1f, 0xff, 0xd0, 0x0, 0x7, 0xff, 0xf4,
    0x0, 0x2, 0xff, 0xfd, 0x0, 0x0, 0xbf, 0xff,
    0x0, 0x0, 0x2f, 0xff, 0xc0, 0x0, 0xb, 0xff,
    0xf0, 0x0, 0x2, 0xff, 0xfc, 0x0, 0x0, 0xbf,
    0xff, 0x40, 0x0, 0x1f, 0xff, 0xd0, 0x0, 0x7,
    0xff, 0xf4, 0x0, 0x1, 0xff, 0xfe, 0x0, 0x0,
    0x3f, 0xff, 0x80, 0x0, 0xf, 0xff, 0xf0, 0x0,
    0x3, 0xff, 0xfc, 0x0, 0x0, 0xbf, 0xff, 0x0,
    0x0, 0x1f, 0xff, 0xd0, 0x0, 0x3, 0xff, 0xf8,
    0x0, 0x0, 0xff, 0xff, 0x0, 0x0, 0x2f, 0xff,
    0xd0, 0x0, 0x7, 0xff, 0xf8, 0x0, 0x0, 0xff,
    0xff, 0x0, 0x0, 0x1f, 0xff, 0xd0, 0x0, 0x3,
    0xff, 0xfc, 0x0, 0x0, 0xbf, 0xff, 0x0, 0x0,
    0xf, 0xff, 0xe0, 0x0, 0x2, 0xff, 0xfc, 0x0,
    0x0, 0x3f, 0xff, 0xc0, 0x0, 0x7, 0xff, 0xf4,
    0x0, 0x0, 0xbf, 0xff, 0x0, 0x0, 0xf, 0xff,
    0xe0, 0x0, 0x0, 0xbf, 0xfc,

    /* U+0029 ")" */
    0x3f, 0xff, 0x80, 0x0, 0x3, 0xff, 0xf4, 0x0,
    0x0, 0x7f, 0xff, 0x0, 0x0, 0xf, 0xff, 0xf0,
    0x0, 0x1, 0xff, 0xfd, 0x0, 0x0, 0x3f, 0xff,
    0xc0, 0x0, 0x7, 0xff, 0xf8, 0x0, 0x0, 0xff,
    0xff, 0x0, 0x0, 0x1f, 0xff, 0xd0, 0x0, 0x3,
    0xff, 0xfc, 0x0, 0x0, 0xbf, 0xff, 0x40, 0x0,
    0x1f, 0xff, 0xe0, 0x0, 0x3, 0xff, 0xfc, 0x0,
    0x0, 0xbf, 0xff, 0x40, 0x0, 0x1f, 0xff, 0xe0,
    0x0, 0x3, 0xff, 0xfc, 0x0, 0x0, 0xff, 0xff,
    0x0, 0x0, 0x2f, 0xff, 0xc0, 0x0, 0xb, 0xff,
    0xf4, 0x0, 0x1, 0xff, 0xfd, 0x0, 0x0, 0x3f,
    0xff, 0x80, 0x0, 0xf, 0xff, 0xe0, 0x0, 0x3,
    0xff, 0xfc, 0x0, 0x0, 0xff, 0xff, 0x0, 0x0,
    0x3f, 0xff, 0xc0, 0x0, 0xf, 0xff, 0xf0, 0x0,
    0x3, 0xff, 0xfc, 0x0, 0x0, 0xff, 0xff, 0x0,
    0x0, 0x3f, 0xff, 0xc0, 0x0, 0xf, 0xff, 0xf0,
    0x0, 0x3, 0xff, 0xf8, 0x0, 0x0, 0xff, 0xfe,
    0x0, 0x0, 0x7f, 0xff, 0x80, 0x0, 0x2f, 0xff,
    0xd0, 0x0, 0xb, 0xff, 0xf0, 0x0, 0x3, 0xff,
    0xfc, 0x0, 0x0, 0xff, 0xff, 0x0, 0x0, 0x7f,
    0xff, 0x80, 0x0, 0x2f, 0xff, 0xd0, 0x0, 0xf,
    0xff, 0xf0, 0x0, 0x7, 0xff, 0xf8, 0x0, 0x2,
    0xff, 0xfd, 0x0, 0x0, 0xff, 0xff, 0x0, 0x0,
    0x7f, 0xff, 0x40, 0x0, 0x3f, 0xff, 0xc0, 0x0,
    0x1f, 0xff, 0xd0, 0x0, 0xf, 0xff, 0xf0, 0x0,
    0x7, 0xff, 0xf4, 0x0, 0x3, 0xff, 0xf8, 0x0,
    0x2, 0xff, 0xfc, 0x0, 0x1, 0xff, 0xfc, 0x0,
    0x0, 0xbf, 0xfd, 0x0, 0x0,

    /* U+002A "*" */
    0x0, 0x0, 0x2, 0xff, 0xfc, 0x0, 0x0, 0x0,
    0x0, 0x0, 0x1f, 0xff, 0xc0, 0x0, 0x0, 0x0,
    0x0, 0x1, 0xff, 0xfc, 0x0, 0x0, 0x0, 0x0,
    0x0, 0x1f, 0xff, 0x80, 0x0, 0x0, 0x0, 0x0,
    0x0, 0xff, 0xf8, 0x0, 0x0, 0x0, 0x0, 0x0,
    0xf, 0xff, 0x40, 0x0, 0x0, 0x0, 0x0, 0x0,
    0xff, 0xf4, 0x0, 0x0, 0x0, 0x0, 0x0, 0xf,
    0xff, 0x40, 0x0, 0x0, 0x1f, 0x90, 0x0, 0xbf,
    0xf0, 0x0, 0x1b, 0xc1, 0xff, 0xf4, 0xb, 0xff,
    0x1, 0xbf, 0xfc, 0x2f, 0xff, 0xfe, 0xbf, 0xf7,
    0xff, 0xff, 0xc2, 0xff, 0xff, 0xff, 0xff, 0xff,
    0xff, 0xfd, 0x3f, 0xff, 0xff, 0xff, 0xff, 0xff,
    0xff, 0xd3, 0xff, 0xff, 0xff, 0xff, 0xff, 0xff,
    0xfe, 0x3f, 0xff, 0xff, 0xff, 0xff, 0xff, 0xff,
    0xe0, 0x1, 0x5a, 0xff, 0xff, 0xfa, 0x95, 0x40,
    0x0, 0x0, 0xf, 0xff, 0xff, 0x40, 0x0, 0x0,
    0x0, 0x2, 0xff, 0xff, 0xfc, 0x0, 0x0, 0x0,
    0x0, 0x7f, 0xff, 0xff, 0xf0, 0x0, 0x0, 0x0,
    0xf, 0xff, 0xdf, 0xff, 0x80, 0x0, 0x0, 0x3,
    0xff, 0xf4, 0xff, 0xfd, 0x0, 0x0, 0x0, 0xbf,
    0xff, 0x7, 0xff, 0xf4, 0x0, 0x0, 0x1f, 0xff,
    0xd0, 0x3f, 0xff, 0xc0, 0x0, 0x7, 0xff, 0xfc,
    0x1, 0xff, 0xff, 0x0, 0x0, 0x7f, 0xff, 0x80,
    0xf, 0xff, 0xe0, 0x0, 0x0, 0x7f, 0xf0, 0x0,
    0x7f, 0xf4, 0x0, 0x0, 0x0, 0x7e, 0x0, 0x3,
    0xf4, 0x0, 0x0, 0x0, 0x0, 0x40, 0x0, 0x14,
    0x0, 0x0,

    /* U+002B "+" */
    0x0, 0x0, 0x0, 0xff, 0xf4, 0x0, 0x0, 0x0,
    0x0, 0x0, 0xf, 0xff, 0x40, 0x0, 0x0, 0x0,
    0x0, 0x0, 0xff, 0xf4, 0x0, 0x0, 0x0, 0x0,
    0x0, 0xf, 0xff, 0x40, 0x0, 0x0, 0x0, 0x0,
    0x0, 0xff, 0xf4, 0x0, 0x0, 0x0, 0x0, 0x0,
    0xf, 0xff, 0x40, 0x0, 0x0, 0x0, 0x0, 0x0,
    0xff, 0xf4, 0x0, 0x0, 0x0, 0x0, 0x0, 0xf,
    0xff, 0x40, 0x0, 0x0, 0x0, 0x0, 0x0, 0xff,
    0xf4, 0x0, 0x0, 0x0, 0x0, 0x0, 0xf, 0xff,
    0x40, 0x0, 0x0, 0x0, 0x0, 0x0, 0xff, 0xf4,
    0x0, 0x0, 0x1, 0x55, 0x55, 0x5f, 0xff, 0x95,
    0x55, 0x54, 0x7f, 0xff, 0xff, 0xff, 0xff, 0xff,
    0xff, 0xe7, 0xff, 0xff, 0xff, 0xff, 0xff, 0xff,
    0xfe, 0x7f, 0xff, 0xff, 0xff, 0xff, 0xff, 0xff,
    0xe7, 0xff, 0xff, 0xff, 0xff, 0xff, 0xff, 0xfe,
    0x7f, 0xff, 0xff, 0xff, 0xff, 0xff, 0xff, 0xe7,
    0xff, 0xff, 0xff, 0xff, 0xff, 0xff, 0xfe, 0x0,
    0x0, 0x0, 0xff, 0xf4, 0x0, 0x0, 0x0, 0x0,
    0x0, 0xf, 0xff, 0x40, 0x0, 0x0, 0x0, 0x0,
    0x0, 0xff, 0xf4, 0x0, 0x0, 0x0, 0x0, 0x0,
    0xf, 0xff, 0x40, 0x0, 0x0, 0x0, 0x0, 0x0,
    0xff, 0xf4, 0x0, 0x0, 0x0, 0x0, 0x0, 0xf,
    0xff, 0x40, 0x0, 0x0, 0x0, 0x0, 0x0, 0xff,
    0xf4, 0x0, 0x0, 0x0, 0x0, 0x0, 0xf, 0xff,
    0x40, 0x0, 0x0, 0x0, 0x0, 0x0, 0xff, 0xf4,
    0x0, 0x0, 0x0, 0x0, 0x0, 0xf, 0xff, 0x40,
    0x0, 0x0, 0x0, 0x0, 0x0, 0xff, 0xf4, 0x0,
    0x0, 0x0,

    /* U+002C "," */
    0x0, 0xaa, 0xaa, 0x0, 0x7f, 0xff, 0xd0, 0x2f,
    0xff, 0xf0, 0xb, 0xff, 0xfc, 0x3, 0xff, 0xfd,
    0x0, 0xff, 0xff, 0x0, 0x7f, 0xff, 0x80, 0x1f,
    0xff, 0xd0, 0xb, 0xff, 0xf0, 0x3, 0xff, 0xf8,
    0x0, 0xff, 0xfc, 0x0, 0x7f, 0xff, 0x0, 0x2f,
    0xff, 0x40, 0xf, 0xff, 0xc0, 0x3, 0xff, 0xe0,
    0x0,

    /* U+002D "-" */
    0x15, 0x55, 0x55, 0x55, 0x1f, 0xff, 0xff, 0xff,
    0xd7, 0xff, 0xff, 0xff, 0xf5, 0xff, 0xff, 0xff,
    0xfd, 0x7f, 0xff, 0xff, 0xff, 0x5f, 0xff, 0xff,
    0xff, 0xd7, 0xff, 0xff, 0xff, 0xf5, 0xff, 0xff,
    0xff, 0xfd,

    /* U+002E "." */
    0x0, 0x54, 0x0, 0x2f, 0xfe, 0x3, 0xff, 0xff,
    0x1f, 0xff, 0xfd, 0xbf, 0xff, 0xf7, 0xff, 0xff,
    0xeb, 0xff, 0xff, 0x9f, 0xff, 0xfd, 0x3f, 0xff,
    0xf0, 0x3f, 0xfe, 0x0, 0x5, 0x40, 0x0,

    /* U+002F "/" */
    0x0, 0x0, 0x0, 0x0, 0xff, 0xff, 0x40, 0x0,
    0x0, 0x0, 0x3f, 0xff, 0xc0, 0x0, 0x0, 0x0,
    0x2f, 0xff, 0xe0, 0x0, 0x0, 0x0, 0xf, 0xff,
    0xf4, 0x0, 0x0, 0x0, 0x7, 0xff, 0xfc, 0x0,
    0x0, 0x0, 0x2, 0xff, 0xfe, 0x0, 0x0, 0x0,
    0x0, 0xff, 0xff, 0x0, 0x0, 0x0, 0x0, 0x7f,
    0xff, 0xc0, 0x0, 0x0, 0x0, 0x3f, 0xff, 0xd0,
    0x0, 0x0, 0x0, 0xf, 0xff, 0xf0, 0x0, 0x0,
    0x0, 0xb, 0xff, 0xf8, 0x0, 0x0, 0x0, 0x3,
    0xff, 0xfc, 0x0, 0x0, 0x0, 0x1, 0xff, 0xff,
    0x0, 0x0, 0x0, 0x0, 0xff, 0xff, 0x40, 0x0,
    0x0, 0x0, 0x3f, 0xff, 0xc0, 0x0, 0x0, 0x0,
    0x2f, 0xff, 0xe0, 0x0, 0x0, 0x0, 0xf, 0xff,
    0xf4, 0x0, 0x0, 0x0, 0x7, 0xff, 0xfc, 0x0,
    0x0, 0x0, 0x2, 0xff, 0xfe, 0x0, 0x0, 0x0,
    0x0, 0xff, 0xff, 0x0, 0x0, 0x0, 0x0, 0x7f,
    0xff, 0xc0, 0x0, 0x0, 0x0, 0x3f, 0xff, 0xd0,
    0x0, 0x0, 0x0, 0xf, 0xff, 0xf0, 0x0, 0x0,
    0x0, 0xb, 0xff, 0xf8, 0x0, 0x0, 0x0, 0x3,
    0xff, 0xfd, 0x0, 0x0, 0x0, 0x1, 0xff, 0xff,
    0x0, 0x0, 0x0, 0x0, 0xbf, 0xff, 0x80, 0x0,
    0x0, 0x0, 0x3f, 0xff, 0xc0, 0x0, 0x0, 0x0,
    0x1f, 0xff, 0xf0, 0x0, 0x0, 0x0, 0xf, 0xff,
    0xf4, 0x0, 0x0, 0x0, 0x3, 0xff, 0xfc, 0x0,
    0x0, 0x0, 0x2, 0xff, 0xfe, 0x0, 0x0, 0x0,
    0x0, 0xff, 0xff, 0x40, 0x0, 0x0, 0x0, 0x7f,
    0xff, 0xc0, 0x0, 0x0, 0x0, 0x2f, 0xff, 0xd0,
    0x0, 0x0, 0x0, 0xf, 0xff, 0xf0, 0x0, 0x0,
    0x0, 0x7, 0xff, 0xf8, 0x0, 0x0, 0x0, 0x3,
    0xff, 0xfd, 0x0, 0x0, 0x0, 0x1, 0xff, 0xff,
    0x0, 0x0, 0x0, 0x0, 0xbf, 0xff, 0x80, 0x0,
    0x0, 0x0, 0x3f, 0xff, 0xc0, 0x0, 0x0, 0x0,
    0x1f, 0xff, 0xf0, 0x0, 0x0, 0x0, 0x0,

    /* U+0030 "0" */
    0x0, 0x0, 0x0, 0x55, 0x50, 0x0, 0x0, 0x0,
    0x0, 0x0, 0xbf, 0xff, 0xfe, 0x0, 0x0, 0x0,
    0x0, 0x2f, 0xff, 0xff, 0xff, 0x80, 0x0, 0x0,
    0x3, 0xff, 0xff, 0xff, 0xff, 0xc0, 0x0, 0x0,
    0x3f, 0xff, 0xff, 0xff, 0xff, 0xc0, 0x0, 0x3,
    0xff, 0xff, 0xff, 0xff, 0xff, 0xc0, 0x0, 0x2f,
    0xff, 0xff, 0xff, 0xff, 0xff, 0x80, 0x0, 0xff,
    0xff, 0xff, 0xff, 0xff, 0xff, 0x0, 0xb, 0xff,
    0xff, 0x40, 0x1f, 0xff, 0xfe, 0x0, 0x3f, 0xff,
    0xf4, 0x0, 0xf, 0xff, 0xfc, 0x1, 0xff, 0xff,
    0xc0, 0x0, 0x2f, 0xff, 0xf8, 0xb, 0xff, 0xfd,
    0x0, 0x0, 0x3f, 0xff, 0xf0, 0x3f, 0xff, 0xf0,
    0x0, 0x0, 0xff, 0xff, 0xc0, 0xff, 0xff, 0xc0,
    0x0, 0x2, 0xff, 0xff, 0x47, 0xff, 0xfe, 0x0,
    0x0, 0x7, 0xff, 0xfd, 0x1f, 0xff, 0xf8, 0x0,
    0x0, 0x1f, 0xff, 0xf8, 0xbf, 0xff, 0xd0, 0x0,
    0x0, 0x3f, 0xff, 0xf2, 0xff, 0xff, 0x40, 0x0,
    0x0, 0xff, 0xff, 0xcb, 0xff, 0xfc, 0x0, 0x0,
    0x3, 0xff, 0xff, 0x3f, 0xff, 0xf0, 0x0, 0x0,
    0xf, 0xff, 0xfc, 0xff, 0xff, 0xc0, 0x0, 0x0,
    0x3f, 0xff, 0xf3, 0xff, 0xff, 0x0, 0x0, 0x0,
    0xff, 0xff, 0xcf, 0xff, 0xfc, 0x0, 0x0, 0x3,
    0xff, 0xff, 0x3f, 0xff, 0xf0, 0x0, 0x0, 0xf,
    0xff, 0xfc, 0xff, 0xff, 0xc0, 0x0, 0x0, 0x3f,
    0xff, 0xf2, 0xff, 0xff, 0x0, 0x0, 0x0, 0xff,
    0xff, 0xcb, 0xff, 0xfd, 0x0, 0x0, 0x3, 0xff,
    0xff, 0x2f, 0xff, 0xf4, 0x0, 0x0, 0xf, 0xff,
    0xfc, 0x7f, 0xff, 0xe0, 0x0, 0x0, 0x7f, 0xff,
    0xe1, 0xff, 0xff, 0x80, 0x0, 0x1, 0xff, 0xff,
    0x83, 0xff, 0xff, 0x0, 0x0, 0xb, 0xff, 0xfd,
    0xf, 0xff, 0xfc, 0x0, 0x0, 0x3f, 0xff, 0xf0,
    0x2f, 0xff, 0xf4, 0x0, 0x0, 0xff, 0xff, 0xc0,
    0x7f, 0xff, 0xf0, 0x0, 0xb, 0xff, 0xfe, 0x0,
    0xff, 0xff, 0xd0, 0x0, 0x3f, 0xff, 0xf4, 0x1,
    0xff, 0xff, 0xd0, 0x7, 0xff, 0xff, 0xc0, 0x3,
    0xff, 0xff, 0xff, 0xff, 0xff, 0xfd, 0x0, 0x7,
    0xff, 0xff, 0xff, 0xff, 0xff, 0xf0, 0x0, 0xb,
    0xff, 0xff, 0xff, 0xff, 0xff, 0x0, 0x0, 0xf,
    0xff, 0xff, 0xff, 0xff, 0xf4, 0x0, 0x0, 0xf,
    0xff, 0xff, 0xff, 0xff, 0x40, 0x0, 0x0, 0xb,
    0xff, 0xff, 0xff, 0xf0, 0x0, 0x0, 0x0, 0x2,
    0xff, 0xff, 0xf9, 0x0, 0x0, 0x0, 0x0, 0x0,
    0x15, 0x54, 0x0, 0x0, 0x0,

    /* U+0031 "1" */
    0x0, 0x0, 0x0, 0x1f, 0xff, 0xf0, 0x0, 0x0,
    0xb, 0xff, 0xff, 0x0, 0x0, 0x3, 0xff, 0xff,
    0xf0, 0x0, 0x0, 0xff, 0xff, 0xff, 0x0, 0x0,
    0x7f, 0xff, 0xff, 0xf0, 0x0, 0x2f, 0xff, 0xff,
    0xff, 0x0, 0xf, 0xff, 0xff, 0xff, 0xf0, 0x7,
    0xff, 0xff, 0xff, 0xff, 0x2, 0xff, 0xff, 0xff,
    0xff, 0xf0, 0xbf, 0xff, 0xff, 0xff, 0xff, 0x3f,
    0xff, 0xff, 0x3f, 0xff, 0xf3, 0xff, 0xff, 0x83,
    0xff, 0xff, 0xf, 0xff, 0xe0, 0x3f, 0xff, 0xf0,
    0x3f, 0xf4, 0x3, 0xff, 0xff, 0x1, 0xfc, 0x0,
    0x3f, 0xff, 0xf0, 0xa, 0x0, 0x7, 0xff, 0xff,
    0x0, 0x0, 0x0, 0x7f, 0xff, 0xf0, 0x0, 0x0,
    0x7, 0xff, 0xff, 0x0, 0x0, 0x0, 0x7f, 0xff,
    0xf0, 0x0, 0x0, 0x7, 0xff, 0xff, 0x0, 0x0,
    0x0, 0x7f, 0xff, 0xf0, 0x0, 0x0, 0x7, 0xff,
    0xff, 0x0, 0x0, 0x0, 0x7f, 0xff, 0xf0, 0x0,
    0x0, 0x7, 0xff, 0xff, 0x0, 0x0, 0x0, 0x7f,
    0xff, 0xf0, 0x0, 0x0, 0x7, 0xff, 0xff, 0x0,
    0x0, 0x0, 0x7f, 0xff, 0xf0, 0x0, 0x0, 0x7,
    0xff, 0xff, 0x0, 0x0, 0x0, 0x7f, 0xff, 0xf0,
    0x0, 0x0, 0x7, 0xff, 0xff, 0x0, 0x0, 0x0,
    0x7f, 0xff, 0xf0, 0x0, 0x0, 0x7, 0xff, 0xff,
    0x0, 0x0, 0x0, 0x7f, 0xff, 0xf0, 0x0, 0x0,
    0x7, 0xff, 0xff, 0x0, 0x0, 0x0, 0x7f, 0xff,
    0xf0, 0x0, 0x0, 0x7, 0xff, 0xff, 0x0, 0x0,
    0x0, 0x7f, 0xff, 0xf0, 0x0, 0x0, 0x7, 0xff,
    0xff, 0x0, 0x0, 0x0, 0x7f, 0xff, 0xf0, 0x0,
    0x0, 0x7, 0xff, 0xff, 0x0, 0x0, 0x0, 0x7f,
    0xff, 0xf0, 0x0, 0x0, 0x7, 0xff, 0xff,

    /* U+0032 "2" */
    0x0, 0x0, 0x0, 0x56, 0x54, 0x0, 0x0, 0x0,
    0x0, 0x1, 0xff, 0xff, 0xff, 0x80, 0x0, 0x0,
    0x0, 0xbf, 0xff, 0xff, 0xff, 0xe0, 0x0, 0x0,
    0x2f, 0xff, 0xff, 0xff, 0xff, 0xf0, 0x0, 0x3,
    0xff, 0xff, 0xff, 0xff, 0xff, 0xf4, 0x0, 0x7f,
    0xff, 0xff, 0xff, 0xff, 0xff, 0xf0, 0x7, 0xff,
    0xff, 0xff, 0xff, 0xff, 0xff, 0xe0, 0xf, 0xff,
    0xff, 0xff, 0xff, 0xff, 0xff, 0xc0, 0xf, 0xff,
    0xfe, 0x40, 0x1f, 0xff, 0xff, 0x80, 0xf, 0xff,
    0x40, 0x0, 0xf, 0xff, 0xff, 0x0, 0x1f, 0xe0,
    0x0, 0x0, 0x1f, 0xff, 0xfc, 0x0, 0x1d, 0x0,
    0x0, 0x0, 0x3f, 0xff, 0xf0, 0x0, 0x0, 0x0,
    0x0, 0x0, 0xff, 0xff, 0xc0, 0x0, 0x0, 0x0,
    0x0, 0x3, 0xff, 0xff, 0x0, 0x0, 0x0, 0x0,
    0x0, 0xf, 0xff, 0xfc, 0x0, 0x0, 0x0, 0x0,
    0x0, 0x7f, 0xff, 0xe0, 0x0, 0x0, 0x0, 0x0,
    0x2, 0xff, 0xff, 0x40, 0x0, 0x0, 0x0, 0x0,
    0xf, 0xff, 0xfc, 0x0, 0x0, 0x0, 0x0, 0x0,
    0xff, 0xff, 0xe0, 0x0, 0x0, 0x0, 0x0, 0xb,
    0xff, 0xff, 0x0, 0x0, 0x0, 0x0, 0x0, 0x7f,
    0xff, 0xf4, 0x0, 0x0, 0x0, 0x0, 0x7, 0xff,
    0xff, 0x80, 0x0, 0x0, 0x0, 0x0, 0x7f, 0xff,
    0xfc, 0x0, 0x0, 0x0, 0x0, 0x7, 0xff, 0xff,
    0xc0, 0x0, 0x0, 0x0, 0x0, 0x3f, 0xff, 0xfc,
    0x0, 0x0, 0x0, 0x0, 0x3, 0xff, 0xff, 0xc0,
    0x0, 0x0, 0x0, 0x0, 0x3f, 0xff, 0xfc, 0x0,
    0x0, 0x0, 0x0, 0x3, 0xff, 0xff, 0xc0, 0x0,
    0x0, 0x0, 0x0, 0x3f, 0xff, 0xfc, 0x0, 0x0,
    0x0, 0x0, 0x7, 0xff, 0xff, 0xc0, 0x0, 0x0,
    0x0, 0x0, 0x7f, 0xff, 0xfc, 0x0, 0x0, 0x0,
    0x0, 0x7, 0xff, 0xff, 0x80, 0x0, 0x0, 0x0,
    0x0, 0x7f, 0xff, 0xf8, 0x0, 0x0, 0x0, 0x0,
    0x7, 0xff, 0xff, 0x80, 0x0, 0x0, 0x0, 0x0,
    0x7f, 0xff, 0xf8, 0x0, 0x0, 0x0, 0x0, 0x7,
    0xff, 0xff, 0xea, 0xaa, 0xaa, 0xaa, 0xa8, 0x7f,
    0xff, 0xff, 0xff, 0xff, 0xff, 0xff, 0xf6, 0xff,
    0xff, 0xff, 0xff, 0xff, 0xff, 0xff, 0xdb, 0xff,
    0xff, 0xff, 0xff, 0xff, 0xff, 0xff, 0x6f, 0xff,
    0xff, 0xff, 0xff, 0xff, 0xff, 0xfd, 0xbf, 0xff,
    0xff, 0xff, 0xff, 0xff, 0xff, 0xf6, 0xff, 0xff,
    0xff, 0xff, 0xff, 0xff, 0xff, 0xdb, 0xff, 0xff,
    0xff, 0xff, 0xff, 0xff, 0xff, 0x40,

    /* U+0033 "3" */
    0x0, 0x0, 0x5, 0x55, 0x50, 0x0, 0x0, 0x0,
    0x0, 0x6f, 0xff, 0xff, 0xfd, 0x0, 0x0, 0x0,
    0xbf, 0xff, 0xff, 0xff, 0xfe, 0x0, 0x0, 0xbf,
    0xff, 0xff, 0xff, 0xff, 0xfd, 0x0, 0x7f, 0xff,
    0xff, 0xff, 0xff, 0xff, 0xf4, 0x3, 0xff, 0xff,
    0xff, 0xff, 0xff, 0xff, 0xc0, 0x1f, 0xff, 0xff,
    0xff, 0xff, 0xff, 0xff, 0x0, 0xbf, 0xff, 0xfe,
    0xff, 0xff, 0xff, 0xf0, 0x3, 0xff, 0x90, 0x0,
    0x1f, 0xff, 0xff, 0x40, 0x1f, 0x80, 0x0, 0x0,
    0x3f, 0xff, 0xf8, 0x0, 0x40, 0x0, 0x0, 0x2,
    0xff, 0xff, 0x80, 0x0, 0x0, 0x0, 0x0, 0x1f,
    0xff, 0xf8, 0x0, 0x0, 0x0, 0x0, 0x0, 0xff,
    0xff, 0x40, 0x0, 0x0, 0x0, 0x0, 0x1f, 0xff,
    0xf4, 0x0, 0x0, 0x0, 0x0, 0x2, 0xff, 0xff,
    0x0, 0x0, 0x0, 0x0, 0x0, 0x3f, 0xff, 0xd0,
    0x0, 0x0, 0x0, 0x0, 0x1f, 0xff, 0xf8, 0x0,
    0x0, 0x0, 0x0, 0x6f, 0xff, 0xff, 0x0, 0x0,
    0x3, 0xff, 0xff, 0xff, 0xff, 0x80, 0x0, 0x0,
    0x3f, 0xff, 0xff, 0xff, 0xd0, 0x0, 0x0, 0x3,
    0xff, 0xff, 0xff, 0x90, 0x0, 0x0, 0x0, 0x3f,
    0xff, 0xff, 0xfe, 0x40, 0x0, 0x0, 0x3, 0xff,
    0xff, 0xff, 0xff, 0x80, 0x0, 0x0, 0x3f, 0xff,
    0xff, 0xff, 0xff, 0x40, 0x0, 0x3, 0xff, 0xff,
    0xff, 0xff, 0xfe, 0x0, 0x0, 0x0, 0x0, 0x1b,
    0xff, 0xff, 0xf4, 0x0, 0x0, 0x0, 0x0, 0x7,
    0xff, 0xff, 0xc0, 0x0, 0x0, 0x0, 0x0, 0x1f,
    0xff, 0xfd, 0x0, 0x0, 0x0, 0x0, 0x0, 0xff,
    0xff, 0xe0, 0x0, 0x0, 0x0, 0x0, 0xb, 0xff,
    0xff, 0x0, 0x0, 0x0, 0x0, 0x0, 0xbf, 0xff,
    0xf0, 0x0, 0x0, 0x0, 0x0, 0xb, 0xff, 0xff,
    0x0, 0x0, 0x0, 0x0, 0x0, 0xff, 0xff, 0xf0,
    0x0, 0x0, 0x0, 0x0, 0x1f, 0xff, 0xfe, 0xb4,
    0x0, 0x0, 0x0, 0x7, 0xff, 0xff, 0xdb, 0xf9,
    0x0, 0x0, 0x2, 0xff, 0xff, 0xfc, 0xbf, 0xff,
    0xfa, 0xaf, 0xff, 0xff, 0xff, 0x8b, 0xff, 0xff,
    0xff, 0xff, 0xff, 0xff, 0xf0, 0xbf, 0xff, 0xff,
    0xff, 0xff, 0xff, 0xfc, 0xb, 0xff, 0xff, 0xff,
    0xff, 0xff, 0xff, 0x0, 0xbf, 0xff, 0xff, 0xff,
    0xff, 0xff, 0x80, 0x2, 0xff, 0xff, 0xff, 0xff,
    0xff, 0xd0, 0x0, 0x1, 0xbf, 0xff, 0xff, 0xff,
    0x80, 0x0, 0x0, 0x0, 0x5, 0x55, 0x54, 0x0,
    0x0, 0x0,

    /* U+0034 "4" */
    0x0, 0x0, 0x0, 0x0, 0xb, 0xff, 0xfc, 0x0,
    0x0, 0x0, 0x0, 0x0, 0x7, 0xff, 0xff, 0x0,
    0x0, 0x0, 0x0, 0x0, 0x3, 0xff, 0xff, 0xc0,
    0x0, 0x0, 0x0, 0x0, 0x2, 0xff, 0xff, 0xf0,
    0x0, 0x0, 0x0, 0x0, 0x1, 0xff, 0xff, 0xfc,
    0x0, 0x0, 0x0, 0x0, 0x0, 0xff, 0xff, 0xff,
    0x0, 0x0, 0x0, 0x0, 0x0, 0xff, 0xff, 0xff,
    0xc0, 0x0, 0x0, 0x0, 0x0, 0x7f, 0xff, 0xff,
    0xf0, 0x0, 0x0, 0x0, 0x0, 0x3f, 0xff, 0xff,
    0xfc, 0x0, 0x0, 0x0, 0x0, 0x3f, 0xff, 0xff,
    0xff, 0x0, 0x0, 0x0, 0x0, 0x2f, 0xff, 0x7f,
    0xff, 0xc0, 0x0, 0x0, 0x0, 0x1f, 0xff, 0x9f,
    0xff, 0xf0, 0x0, 0x0, 0x0, 0xf, 0xff, 0xcb,
    0xff, 0xfc, 0x0, 0x0, 0x0, 0xb, 0xff, 0xd2,
    0xff, 0xff, 0x0, 0x0, 0x0, 0x7, 0xff, 0xe0,
    0xbf, 0xff, 0xc0, 0x0, 0x0, 0x3, 0xff, 0xf0,
    0x2f, 0xff, 0xf0, 0x0, 0x0, 0x3, 0xff, 0xf4,
    0xb, 0xff, 0xfc, 0x0, 0x0, 0x1, 0xff, 0xf8,
    0x2, 0xff, 0xff, 0x0, 0x0, 0x0, 0xff, 0xfc,
    0x0, 0xbf, 0xff, 0xc0, 0x0, 0x0, 0xff, 0xfd,
    0x0, 0x2f, 0xff, 0xf0, 0x0, 0x0, 0xbf, 0xfe,
    0x0, 0xb, 0xff, 0xfc, 0x0, 0x0, 0x7f, 0xff,
    0x0, 0x2, 0xff, 0xff, 0x0, 0x0, 0x3f, 0xff,
    0x40, 0x0, 0xbf, 0xff, 0xc0, 0x0, 0x2f, 0xff,
    0x80, 0x0, 0x2f, 0xff, 0xf0, 0x0, 0x1f, 0xff,
    0xc0, 0x0, 0xb, 0xff, 0xfc, 0x0, 0xf, 0xff,
    0xd0, 0x0, 0x2, 0xff, 0xff, 0x0, 0xf, 0xff,
    0xff, 0xff, 0xff, 0xff, 0xff, 0xff, 0xf7, 0xff,
    0xff, 0xff, 0xff, 0xff, 0xff, 0xff, 0xfd, 0xff,
    0xff, 0xff, 0xff, 0xff, 0xff, 0xff, 0xff, 0x7f,
    0xff, 0xff, 0xff, 0xff, 0xff, 0xff, 0xff, 0xdf,
    0xff, 0xff, 0xff, 0xff, 0xff, 0xff, 0xff, 0xf7,
    0xff, 0xff, 0xff, 0xff, 0xff, 0xff, 0xff, 0xfd,
    0xff, 0xff, 0xff, 0xff, 0xff, 0xff, 0xff, 0xff,
    0x40, 0x0, 0x0, 0x0, 0x2, 0xff, 0xff, 0x0,
    0x0, 0x0, 0x0, 0x0, 0x0, 0xbf, 0xff, 0xc0,
    0x0, 0x0, 0x0, 0x0, 0x0, 0x2f, 0xff, 0xf0,
    0x0, 0x0, 0x0, 0x0, 0x0, 0xb, 0xff, 0xfc,
    0x0, 0x0, 0x0, 0x0, 0x0, 0x2, 0xff, 0xff,
    0x0, 0x0, 0x0, 0x0, 0x0, 0x0, 0xbf, 0xff,
    0xc0, 0x0, 0x0, 0x0, 0x0, 0x0, 0x2f, 0xff,
    0xf0, 0x0, 0x0, 0x0, 0x0, 0x0, 0xb, 0xff,
    0xfc, 0x0, 0x0, 0x0, 0x0, 0x0, 0x2, 0xff,
    0xff, 0x0, 0x0,

    /* U+0035 "5" */
    0x2, 0xff, 0xff, 0xff, 0xff, 0xff, 0xf8, 0x0,
    0x2f, 0xff, 0xff, 0xff, 0xff, 0xff, 0x80, 0x3,
    0xff, 0xff, 0xff, 0xff, 0xff, 0xf8, 0x0, 0x3f,
    0xff, 0xff, 0xff, 0xff, 0xff, 0x80, 0x3, 0xff,
    0xff, 0xff, 0xff, 0xff, 0xf8, 0x0, 0x3f, 0xff,
    0xff, 0xff, 0xff, 0xff, 0x80, 0x3, 0xff, 0xff,
    0xff, 0xff, 0xff, 0xf8, 0x0, 0x3f, 0xff, 0xea,
    0xaa, 0xaa, 0xaa, 0x40, 0x7, 0xff, 0xfc, 0x0,
    0x0, 0x0, 0x0, 0x0, 0x7f, 0xff, 0xc0, 0x0,
    0x0, 0x0, 0x0, 0x7, 0xff, 0xfc, 0x0, 0x0,
    0x0, 0x0, 0x0, 0x7f, 0xff, 0xc0, 0x0, 0x0,
    0x0, 0x0, 0xb, 0xff, 0xfc, 0x0, 0x0, 0x0,
    0x0, 0x0, 0xbf, 0xff, 0x80, 0x0, 0x0, 0x0,
    0x0, 0xb, 0xff, 0xf8, 0x0, 0x0, 0x0, 0x0,
    0x0, 0xff, 0xff, 0xff, 0xff, 0xf9, 0x0, 0x0,
    0xf, 0xff, 0xff, 0xff, 0xff, 0xfd, 0x0, 0x0,
    0xff, 0xff, 0xff, 0xff, 0xff, 0xfc, 0x0, 0xf,
    0xff, 0xff, 0xff, 0xff, 0xff, 0xf0, 0x0, 0xff,
    0xff, 0xff, 0xff, 0xff, 0xff, 0xc0, 0xf, 0xff,
    0xff, 0xff, 0xff, 0xff, 0xfe, 0x0, 0x7f, 0xff,
    0xff, 0xff, 0xff, 0xff, 0xf4, 0x0, 0x79, 0x40,
    0x1, 0xbf, 0xff, 0xff, 0x80, 0x0, 0x0, 0x0,
    0x0, 0xff, 0xff, 0xfc, 0x0, 0x0, 0x0, 0x0,
    0x3, 0xff, 0xff, 0xd0, 0x0, 0x0, 0x0, 0x0,
    0xf, 0xff, 0xfd, 0x0, 0x0, 0x0, 0x0, 0x0,
    0xff, 0xff, 0xe0, 0x0, 0x0, 0x0, 0x0, 0xb,
    0xff, 0xfe, 0x0, 0x0, 0x0, 0x0, 0x0, 0xbf,
    0xff, 0xe0, 0x0, 0x0, 0x0, 0x0, 0xb, 0xff,
    0xfd, 0x0, 0x0, 0x0, 0x0, 0x0, 0xff, 0xff,
    0xd0, 0x0, 0x0, 0x0, 0x0, 0xf, 0xff, 0xfc,
    0x10, 0x0, 0x0, 0x0, 0x2, 0xff, 0xff, 0xc3,
    0xd0, 0x0, 0x0, 0x0, 0xbf, 0xff, 0xf8, 0x3f,
    0xf9, 0x0, 0x0, 0x7f, 0xff, 0xff, 0x3, 0xff,
    0xff, 0xff, 0xff, 0xff, 0xff, 0xe0, 0x3f, 0xff,
    0xff, 0xff, 0xff, 0xff, 0xfc, 0x3, 0xff, 0xff,
    0xff, 0xff, 0xff, 0xff, 0x40, 0x3f, 0xff, 0xff,
    0xff, 0xff, 0xff, 0xd0, 0x3, 0xff, 0xff, 0xff,
    0xff, 0xff, 0xf0, 0x0, 0x1f, 0xff, 0xff, 0xff,
    0xff, 0xf4, 0x0, 0x0, 0xb, 0xff, 0xff, 0xff,
    0xe4, 0x0, 0x0, 0x0, 0x0, 0x55, 0x55, 0x0,
    0x0, 0x0, 0x0,

    /* U+0036 "6" */
    0x0, 0x0, 0x0, 0x0, 0x15, 0x5a, 0x54, 0x0,
    0x0, 0x0, 0x0, 0x6f, 0xff, 0xff, 0xf4, 0x0,
    0x0, 0x0, 0x6f, 0xff, 0xff, 0xff, 0xd0, 0x0,
    0x0, 0xb, 0xff, 0xff, 0xff, 0xff, 0x40, 0x0,
    0x1, 0xff, 0xff, 0xff, 0xff, 0xfd, 0x0, 0x0,
    0x1f, 0xff, 0xff, 0xff, 0xff, 0xf4, 0x0, 0x1,
    0xff, 0xff, 0xff, 0xff, 0xff, 0xd0, 0x0, 0x1f,
    0xff, 0xff, 0xfe, 0x95, 0x6b, 0x40, 0x0, 0xff,
    0xff, 0xf9, 0x0, 0x0, 0x0, 0x0, 0xb, 0xff,
    0xff, 0x0, 0x0, 0x0, 0x0, 0x0, 0x3f, 0xff,
    0xf0, 0x0, 0x0, 0x0, 0x0, 0x2, 0xff, 0xff,
    0x0, 0x0, 0x0, 0x0, 0x0, 0xf, 0xff, 0xf4,
    0x0, 0x0, 0x0, 0x0, 0x0, 0x7f, 0xff, 0xc0,
    0x0, 0x0, 0x0, 0x0, 0x2, 0xff, 0xfd, 0x0,
    0x0, 0x0, 0x0, 0x0, 0xf, 0xff, 0xf0, 0x1,
    0xbf, 0xe8, 0x0, 0x0, 0x3f, 0xff, 0xc0, 0xbf,
    0xff, 0xff, 0x40, 0x1, 0xff, 0xfe, 0xf, 0xff,
    0xff, 0xff, 0x80, 0x7, 0xff, 0xf8, 0xff, 0xff,
    0xff, 0xff, 0xc0, 0x2f, 0xff, 0xef, 0xff, 0xff,
    0xff, 0xff, 0x80, 0xbf, 0xff, 0xff, 0xff, 0xff,
    0xff, 0xff, 0x43, 0xff, 0xff, 0xff, 0xff, 0xff,
    0xff, 0xff, 0xf, 0xff, 0xff, 0xfd, 0x0, 0xbf,
    0xff, 0xfd, 0x3f, 0xff, 0xff, 0x40, 0x0, 0x3f,
    0xff, 0xf8, 0xff, 0xff, 0xf4, 0x0, 0x0, 0x7f,
    0xff, 0xf3, 0xff, 0xff, 0xc0, 0x0, 0x0, 0xff,
    0xff, 0xcf, 0xff, 0xfd, 0x0, 0x0, 0x2, 0xff,
    0xff, 0x3f, 0xff, 0xf0, 0x0, 0x0, 0x7, 0xff,
    0xfd, 0xbf, 0xff, 0xc0, 0x0, 0x0, 0x1f, 0xff,
    0xf6, 0xff, 0xff, 0x0, 0x0, 0x0, 0x7f, 0xff,
    0xd7, 0xff, 0xfd, 0x0, 0x0, 0x2, 0xff, 0xff,
    0x4f, 0xff, 0xf8, 0x0, 0x0, 0xb, 0xff, 0xfc,
    0x3f, 0xff, 0xf0, 0x0, 0x0, 0x3f, 0xff, 0xf0,
    0xbf, 0xff, 0xe0, 0x0, 0x1, 0xff, 0xff, 0xc0,
    0xff, 0xff, 0xd0, 0x0, 0xf, 0xff, 0xfd, 0x3,
    0xff, 0xff, 0xe0, 0x1, 0xff, 0xff, 0xf0, 0x3,
    0xff, 0xff, 0xfe, 0xff, 0xff, 0xff, 0x80, 0xb,
    0xff, 0xff, 0xff, 0xff, 0xff, 0xfc, 0x0, 0xf,
    0xff, 0xff, 0xff, 0xff, 0xff, 0xd0, 0x0, 0xf,
    0xff, 0xff, 0xff, 0xff, 0xfd, 0x0, 0x0, 0xb,
    0xff, 0xff, 0xff, 0xff, 0xd0, 0x0, 0x0, 0x7,
    0xff, 0xff, 0xff, 0xf8, 0x0, 0x0, 0x0, 0x1,
    0xbf, 0xff, 0xfe, 0x0, 0x0, 0x0, 0x0, 0x0,
    0x5, 0x55, 0x0, 0x0, 0x0,

    /* U+0037 "7" */
    0x7f, 0xff, 0xff, 0xff, 0xff, 0xff, 0xff, 0xfd,
    0x7f, 0xff, 0xff, 0xff, 0xff, 0xff, 0xff, 0xfd,
    0x7f, 0xff, 0xff, 0xff, 0xff, 0xff, 0xff, 0xfd,
    0x7f, 0xff, 0xff, 0xff, 0xff, 0xff, 0xff, 0xfd,
    0x7f, 0xff, 0xff, 0xff, 0xff, 0xff, 0xff, 0xfd,
    0x7f, 0xff, 0xff, 0xff, 0xff, 0xff, 0xff, 0xfd,
    0x7f, 0xff, 0xff, 0xff, 0xff, 0xff, 0xff, 0xfc,
    0x2a, 0xaa, 0xaa, 0xaa, 0xaa, 0xaf, 0xff, 0xf8,
    0x0, 0x0, 0x0, 0x0, 0x0, 0x2f, 0xff, 0xf0,
    0x0, 0x0, 0x0, 0x0, 0x0, 0x3f, 0xff, 0xe0,
    0x0, 0x0, 0x0, 0x0, 0x0, 0xbf, 0xff, 0xc0,
    0x0, 0x0, 0x0, 0x0, 0x0, 0xff, 0xff, 0x80,
    0x0, 0x0, 0x0, 0x0, 0x2, 0xff, 0xff, 0x40,
    0x0, 0x0, 0x0, 0x0, 0x3, 0xff, 0xff, 0x0,
    0x0, 0x0, 0x0, 0x0, 0xb, 0xff, 0xfd, 0x0,
    0x0, 0x0, 0x0, 0x0, 0xf, 0xff, 0xfc, 0x0,
    0x0, 0x0, 0x0, 0x0, 0x1f, 0xff, 0xf8, 0x0,
    0x0, 0x0, 0x0, 0x0, 0x3f, 0xff, 0xf0, 0x0,
    0x0, 0x0, 0x0, 0x0, 0x7f, 0xff, 0xe0, 0x0,
    0x0, 0x0, 0x0, 0x0, 0xff, 0xff, 0xc0, 0x0,
    0x0, 0x0, 0x0, 0x1, 0xff, 0xff, 0x80, 0x0,
    0x0, 0x0, 0x0, 0x3, 0xff, 0xff, 0x40, 0x0,
    0x0, 0x0, 0x0, 0x7, 0xff, 0xff, 0x0, 0x0,
    0x0, 0x0, 0x0, 0xb, 0xff, 0xfd, 0x0, 0x0,
    0x0, 0x0, 0x0, 0xf, 0xff, 0xfc, 0x0, 0x0,
    0x0, 0x0, 0x0, 0x2f, 0xff, 0xf4, 0x0, 0x0,
    0x0, 0x0, 0x0, 0x3f, 0xff, 0xf0, 0x0, 0x0,
    0x0, 0x0, 0x0, 0xbf, 0xff, 0xe0, 0x0, 0x0,
    0x0, 0x0, 0x0, 0xff, 0xff, 0xc0, 0x0, 0x0,
    0x0, 0x0, 0x2, 0xff, 0xff, 0x80, 0x0, 0x0,
    0x0, 0x0, 0x3, 0xff, 0xff, 0x40, 0x0, 0x0,
    0x0, 0x0, 0x7, 0xff, 0xff, 0x0, 0x0, 0x0,
    0x0, 0x0, 0xf, 0xff, 0xfd, 0x0, 0x0, 0x0,
    0x0, 0x0, 0x1f, 0xff, 0xfc, 0x0, 0x0, 0x0,
    0x0, 0x0, 0x3f, 0xff, 0xf4, 0x0, 0x0, 0x0,
    0x0, 0x0, 0x7f, 0xff, 0xf0, 0x0, 0x0, 0x0,
    0x0, 0x0, 0xff, 0xff, 0xe0, 0x0, 0x0, 0x0,
    0x0, 0x0, 0xff, 0xff, 0xc0, 0x0, 0x0, 0x0,
    0x0, 0x2, 0xff, 0xff, 0x80, 0x0, 0x0, 0x0,
    0x0, 0x3, 0xff, 0xff, 0x40, 0x0, 0x0, 0x0,
    0x0, 0xb, 0xff, 0xff, 0x0, 0x0, 0x0, 0x0,
    0x0, 0xf, 0xff, 0xfd, 0x0, 0x0, 0x0, 0x0,

    /* U+0038 "8" */
    0x0, 0x0, 0x0, 0x55, 0x54, 0x0, 0x0, 0x0,
    0x0, 0x1, 0xbf, 0xff, 0xff, 0x80, 0x0, 0x0,
    0x0, 0xbf, 0xff, 0xff, 0xff, 0xe0, 0x0, 0x0,
    0xf, 0xff, 0xff, 0xff, 0xff, 0xf4, 0x0, 0x1,
    0xff, 0xff, 0xff, 0xff, 0xff, 0xf8, 0x0, 0xf,
    0xff, 0xff, 0xff, 0xff, 0xff, 0xf4, 0x0, 0xbf,
    0xff, 0xff, 0xff, 0xff, 0xff, 0xf0, 0x3, 0xff,
    0xff, 0xe0, 0x7, 0xff, 0xff, 0xd0, 0x1f, 0xff,
    0xfc, 0x0, 0x2, 0xff, 0xff, 0x80, 0xbf, 0xff,
    0xd0, 0x0, 0x3, 0xff, 0xff, 0x2, 0xff, 0xff,
    0x0, 0x0, 0xf, 0xff, 0xfc, 0xb, 0xff, 0xfc,
    0x0, 0x0, 0x2f, 0xff, 0xf0, 0x1f, 0xff, 0xf0,
    0x0, 0x0, 0xff, 0xff, 0x80, 0x3f, 0xff, 0xe0,
    0x0, 0x3, 0xff, 0xfd, 0x0, 0xff, 0xff, 0xd0,
    0x0, 0x3f, 0xff, 0xf0, 0x1, 0xff, 0xff, 0xd0,
    0x3, 0xff, 0xff, 0x80, 0x2, 0xff, 0xff, 0xf0,
    0xbf, 0xff, 0xfc, 0x0, 0x3, 0xff, 0xff, 0xff,
    0xff, 0xff, 0xc0, 0x0, 0x3, 0xff, 0xff, 0xff,
    0xff, 0xfc, 0x0, 0x0, 0x3, 0xff, 0xff, 0xff,
    0xff, 0x40, 0x0, 0x0, 0x1, 0xff, 0xff, 0xff,
    0xe0, 0x0, 0x0, 0x0, 0xb, 0xff, 0xff, 0xff,
    0xd0, 0x0, 0x0, 0x1, 0xff, 0xff, 0xff, 0xff,
    0xf0, 0x0, 0x0, 0x2f, 0xff, 0xff, 0xff, 0xff,
    0xf4, 0x0, 0x2, 0xff, 0xff, 0xff, 0xff, 0xff,
    0xf8, 0x0, 0x2f, 0xff, 0xff, 0x2, 0xff, 0xff,
    0xf8, 0x1, 0xff, 0xff, 0xe0, 0x0, 0xff, 0xff,
    0xf4, 0xf, 0xff, 0xfd, 0x0, 0x0, 0xbf, 0xff,
    0xf0, 0x7f, 0xff, 0xe0, 0x0, 0x0, 0xbf, 0xff,
    0xe2, 0xff, 0xff, 0x0, 0x0, 0x0, 0xff, 0xff,
    0xcf, 0xff, 0xf8, 0x0, 0x0, 0x1, 0xff, 0xff,
    0x3f, 0xff, 0xe0, 0x0, 0x0, 0x7, 0xff, 0xfc,
    0xff, 0xff, 0x80, 0x0, 0x0, 0x1f, 0xff, 0xf3,
    0xff, 0xff, 0x0, 0x0, 0x0, 0xbf, 0xff, 0xcb,
    0xff, 0xfd, 0x0, 0x0, 0x3, 0xff, 0xff, 0x1f,
    0xff, 0xfd, 0x0, 0x0, 0x3f, 0xff, 0xf8, 0x3f,
    0xff, 0xfe, 0x40, 0x1b, 0xff, 0xff, 0xc0, 0xbf,
    0xff, 0xff, 0xff, 0xff, 0xff, 0xfe, 0x0, 0xff,
    0xff, 0xff, 0xff, 0xff, 0xff, 0xf0, 0x0, 0xff,
    0xff, 0xff, 0xff, 0xff, 0xff, 0x0, 0x0, 0xff,
    0xff, 0xff, 0xff, 0xff, 0xe0, 0x0, 0x0, 0x7f,
    0xff, 0xff, 0xff, 0xfd, 0x0, 0x0, 0x0, 0x1b,
    0xff, 0xff, 0xfe, 0x40, 0x0, 0x0, 0x0, 0x0,
    0x55, 0x55, 0x0, 0x0, 0x0,

    /* U+0039 "9" */
    0x0, 0x0, 0x0, 0x55, 0x54, 0x0, 0x0, 0x0,
    0x0, 0x0, 0x2f, 0xff, 0xff, 0xd0, 0x0, 0x0,
    0x0, 0x2, 0xff, 0xff, 0xff, 0xfd, 0x0, 0x0,
    0x0, 0x1f, 0xff, 0xff, 0xff, 0xff, 0xc0, 0x0,
    0x0, 0x7f, 0xff, 0xff, 0xff, 0xff, 0xf0, 0x0,
    0x0, 0xff, 0xff, 0xff, 0xff, 0xff, 0xfc, 0x0,
    0x3, 0xff, 0xff, 0xff, 0xff, 0xff, 0xff, 0x0,
    0x7, 0xff, 0xff, 0xfe, 0xff, 0xff, 0xff, 0x40,
    0xf, 0xff, 0xff, 0x80, 0x7, 0xff, 0xff, 0xc0,
    0x1f, 0xff, 0xfd, 0x0, 0x0, 0xff, 0xff, 0xd0,
    0x2f, 0xff, 0xf8, 0x0, 0x0, 0x7f, 0xff, 0xf0,
    0x3f, 0xff, 0xf0, 0x0, 0x0, 0x2f, 0xff, 0xf0,
    0x3f, 0xff, 0xf0, 0x0, 0x0, 0x1f, 0xff, 0xf4,
    0x3f, 0xff, 0xf0, 0x0, 0x0, 0xf, 0xff, 0xf8,
    0x3f, 0xff, 0xe0, 0x0, 0x0, 0xf, 0xff, 0xfc,
    0x3f, 0xff, 0xe0, 0x0, 0x0, 0xf, 0xff, 0xfc,
    0x3f, 0xff, 0xf0, 0x0, 0x0, 0xf, 0xff, 0xfc,
    0x3f, 0xff, 0xf0, 0x0, 0x0, 0x1f, 0xff, 0xfc,
    0x2f, 0xff, 0xf8, 0x0, 0x0, 0x3f, 0xff, 0xfc,
    0x2f, 0xff, 0xfd, 0x0, 0x0, 0xff, 0xff, 0xfc,
    0xf, 0xff, 0xff, 0x80, 0x7, 0xff, 0xff, 0xfc,
    0xf, 0xff, 0xff, 0xff, 0xff, 0xff, 0xff, 0xfc,
    0x7, 0xff, 0xff, 0xff, 0xff, 0xff, 0xff, 0xfc,
    0x2, 0xff, 0xff, 0xff, 0xff, 0xf7, 0xff, 0xfc,
    0x0, 0xff, 0xff, 0xff, 0xff, 0xd7, 0xff, 0xfc,
    0x0, 0x2f, 0xff, 0xff, 0xff, 0x47, 0xff, 0xf8,
    0x0, 0x7, 0xff, 0xff, 0xfd, 0xb, 0xff, 0xf8,
    0x0, 0x0, 0x6f, 0xff, 0x90, 0xf, 0xff, 0xf4,
    0x0, 0x0, 0x0, 0x0, 0x0, 0xf, 0xff, 0xf0,
    0x0, 0x0, 0x0, 0x0, 0x0, 0x1f, 0xff, 0xf0,
    0x0, 0x0, 0x0, 0x0, 0x0, 0x2f, 0xff, 0xe0,
    0x0, 0x0, 0x0, 0x0, 0x0, 0x7f, 0xff, 0xc0,
    0x0, 0x0, 0x0, 0x0, 0x0, 0xff, 0xff, 0xc0,
    0x0, 0x0, 0x0, 0x0, 0x3, 0xff, 0xff, 0x40,
    0x0, 0x0, 0x0, 0x0, 0x1f, 0xff, 0xff, 0x0,
    0x0, 0x0, 0x0, 0x1, 0xbf, 0xff, 0xfc, 0x0,
    0x0, 0xfa, 0x56, 0xbf, 0xff, 0xff, 0xf8, 0x0,
    0x0, 0xff, 0xff, 0xff, 0xff, 0xff, 0xe0, 0x0,
    0x0, 0xff, 0xff, 0xff, 0xff, 0xff, 0x80, 0x0,
    0x0, 0xff, 0xff, 0xff, 0xff, 0xfe, 0x0, 0x0,
    0x0, 0xff, 0xff, 0xff, 0xff, 0xf4, 0x0, 0x0,
    0x0, 0xff, 0xff, 0xff, 0xff, 0x40, 0x0, 0x0,
    0x0, 0xff, 0xff, 0xff, 0xe0, 0x0, 0x0, 0x0,
    0x0, 0x56, 0xa5, 0x50, 0x0, 0x0, 0x0, 0x0,

    /* U+003A ":" */
    0x0, 0x54, 0x0, 0x3f, 0xfe, 0x3, 0xff, 0xff,
    0x2f, 0xff, 0xfd, 0xbf, 0xff, 0xfb, 0xff, 0xff,
    0xeb, 0xff, 0xff, 0x5f, 0xff, 0xfd, 0x3f, 0xff,
    0xe0, 0x2f, 0xfe, 0x0, 0x5, 0x40, 0x0, 0x0,
    0x0, 0x0, 0x0, 0x0, 0x0, 0x0, 0x0, 0x0,
    0x0, 0x0, 0x0, 0x0, 0x0, 0x0, 0x0, 0x0,
    0x0, 0x0, 0x0, 0x0, 0x0, 0x0, 0x0, 0x0,
    0x0, 0x0, 0x0, 0x0, 0x0, 0x0, 0x0, 0x0,
    0x15, 0x0, 0xb, 0xff, 0x80, 0xff, 0xff, 0xc7,
    0xff, 0xff, 0x6f, 0xff, 0xfd, 0xff, 0xff, 0xfa,
    0xff, 0xff, 0xe7, 0xff, 0xff, 0x4f, 0xff, 0xfc,
    0xf, 0xff, 0x80, 0x1, 0x50, 0x0,

    /* U+003B ";" */
    0x0, 0x5, 0x40, 0x0, 0x3f, 0xff, 0x0, 0x3f,
    0xff, 0xf0, 0x1f, 0xff, 0xfd, 0xb, 0xff, 0xff,
    0x82, 0xff, 0xff, 0xe0, 0x7f, 0xff, 0xf8, 0x1f,
    0xff, 0xfd, 0x2, 0xff, 0xff, 0x0, 0x2f, 0xfe,
    0x0, 0x0, 0x54, 0x0, 0x0, 0x0, 0x0, 0x0,
    0x0, 0x0, 0x0, 0x0, 0x0, 0x0, 0x0, 0x0,
    0x0, 0x0, 0x0, 0x0, 0x0, 0x0, 0x0, 0x0,
    0x0, 0x0, 0x0, 0x0, 0x0, 0x0, 0x0, 0x0,
    0x0, 0x0, 0x0, 0x0, 0x0, 0x0, 0x0, 0x0,
    0x0, 0x0, 0x0, 0x0, 0x0, 0x0, 0x0, 0x0,
    0x0, 0x0, 0x0, 0x0, 0x0, 0xa, 0xaa, 0xa0,
    0x7, 0xff, 0xfd, 0x2, 0xff, 0xff, 0x0, 0xbf,
    0xff, 0xc0, 0x3f, 0xff, 0xd0, 0xf, 0xff, 0xf0,
    0x7, 0xff, 0xf8, 0x1, 0xff, 0xfd, 0x0, 0xbf,
    0xff, 0x0, 0x3f, 0xff, 0x80, 0xf, 0xff, 0xc0,
    0x7, 0xff, 0xf0, 0x2, 0xff, 0xf4, 0x0, 0xff,
    0xfc, 0x0, 0x3f, 0xfe, 0x0, 0x0,

    /* U+003C "<" */
    0x0, 0x0, 0x0, 0x0, 0x0, 0x0, 0x0, 0x0,
    0x0, 0x0, 0x0, 0x0, 0x0, 0x0, 0xa, 0x0,
    0x0, 0x0, 0x0, 0x0, 0x0, 0xb, 0xe0, 0x0,
    0x0, 0x0, 0x0, 0x0, 0xb, 0xfe, 0x0, 0x0,
    0x0, 0x0, 0x0, 0xb, 0xff, 0xe0, 0x0, 0x0,
    0x0, 0x0, 0xb, 0xff, 0xfe, 0x0, 0x0, 0x0,
    0x0, 0xb, 0xff, 0xff, 0xe0, 0x0, 0x0, 0x0,
    0xb, 0xff, 0xff, 0xfe, 0x0, 0x0, 0x0, 0xb,
    0xff, 0xff, 0xff, 0x40, 0x0, 0x0, 0xb, 0xff,
    0xff, 0xff, 0x40, 0x0, 0x0, 0xb, 0xff, 0xff,
    0xfe, 0x0, 0x0, 0x0, 0xb, 0xff, 0xff, 0xfe,
    0x0, 0x0, 0x0, 0xb, 0xff, 0xff, 0xfe, 0x0,
    0x0, 0x0, 0xb, 0xff, 0xff, 0xfd, 0x0, 0x0,
    0x0, 0xb, 0xff, 0xff, 0xfd, 0x0, 0x0, 0x0,
    0x7, 0xff, 0xff, 0xf9, 0x0, 0x0, 0x0, 0x0,
    0x7f, 0xff, 0xf8, 0x0, 0x0, 0x0, 0x0, 0x7,
    0xff, 0xff, 0x80, 0x0, 0x0, 0x0, 0x0, 0x7f,
    0xff, 0xff, 0xd0, 0x0, 0x0, 0x0, 0x3, 0xff,
    0xff, 0xff, 0xe0, 0x0, 0x0, 0x0, 0x6, 0xff,
    0xff, 0xff, 0xf4, 0x0, 0x0, 0x0, 0x2, 0xff,
    0xff, 0xff, 0xf8, 0x0, 0x0, 0x0, 0x1, 0xff,
    0xff, 0xff, 0xf9, 0x0, 0x0, 0x0, 0x1, 0xff,
    0xff, 0xff, 0xfe, 0x0, 0x0, 0x0, 0x0, 0xbf,
    0xff, 0xff, 0xfe, 0x40, 0x0, 0x0, 0x0, 0x7f,
    0xff, 0xff, 0xfe, 0x0, 0x0, 0x0, 0x0, 0x7f,
    0xff, 0xff, 0xe0, 0x0, 0x0, 0x0, 0x0, 0x2f,
    0xff, 0xfe, 0x0, 0x0, 0x0, 0x0, 0x0, 0x2f,
    0xff, 0xe0, 0x0, 0x0, 0x0, 0x0, 0x0, 0x1f,
    0xfe, 0x0, 0x0, 0x0, 0x0, 0x0, 0x0, 0x1b,
    0xe0, 0x0, 0x0, 0x0, 0x0, 0x0, 0x0, 0xa,
    0x0, 0x0, 0x0, 0x0, 0x0, 0x0, 0x0, 0x0,

    /* U+003D "=" */
    0x15, 0x55, 0x55, 0x55, 0x55, 0x55, 0x55, 0x47,
    0xff, 0xff, 0xff, 0xff, 0xff, 0xff, 0xfe, 0x7f,
    0xff, 0xff, 0xff, 0xff, 0xff, 0xff, 0xe7, 0xff,
    0xff, 0xff, 0xff, 0xff, 0xff, 0xfe, 0x7f, 0xff,
    0xff, 0xff, 0xff, 0xff, 0xff, 0xe7, 0xff, 0xff,
    0xff, 0xff, 0xff, 0xff, 0xfe, 0x7f, 0xff, 0xff,
    0xff, 0xff, 0xff, 0xff, 0xe0, 0x0, 0x0, 0x0,
    0x0, 0x0, 0x0, 0x0, 0x0, 0x0, 0x0, 0x0,
    0x0, 0x0, 0x0, 0x0, 0x0, 0x0, 0x0, 0x0,
    0x0, 0x0, 0x0, 0x0, 0x0, 0x0, 0x0, 0x0,
    0x0, 0x0, 0x1, 0x55, 0x55, 0x55, 0x55, 0x55,
    0x55, 0x54, 0x7f, 0xff, 0xff, 0xff, 0xff, 0xff,
    0xff, 0xe7, 0xff, 0xff, 0xff, 0xff, 0xff, 0xff,
    0xfe, 0x7f, 0xff, 0xff, 0xff, 0xff, 0xff, 0xff,
    0xe7, 0xff, 0xff, 0xff, 0xff, 0xff, 0xff, 0xfe,
    0x7f, 0xff, 0xff, 0xff, 0xff, 0xff, 0xff, 0xe7,
    0xff, 0xff, 0xff, 0xff, 0xff, 0xff, 0xfe,

    /* U+003E ">" */
    0x0, 0x0, 0x0, 0x0, 0x0, 0x0, 0x0, 0x6,
    0x0, 0x0, 0x0, 0x0, 0x0, 0x0, 0x0, 0x7e,
    0x0, 0x0, 0x0, 0x0, 0x0, 0x0, 0x7, 0xfe,
    0x0, 0x0, 0x0, 0x0, 0x0, 0x0, 0x7f, 0xfe,
    0x0, 0x0, 0x0, 0x0, 0x0, 0x7, 0xff, 0xfe,
    0x0, 0x0, 0x0, 0x0, 0x0, 0x7f, 0xff, 0xfe,
    0x0, 0x0, 0x0, 0x0, 0x7, 0xff, 0xff, 0xfe,
    0x0, 0x0, 0x0, 0x0, 0x1b, 0xff, 0xff, 0xfe,
    0x0, 0x0, 0x0, 0x0, 0xb, 0xff, 0xff, 0xff,
    0x40, 0x0, 0x0, 0x0, 0xb, 0xff, 0xff, 0xff,
    0x40, 0x0, 0x0, 0x0, 0x7, 0xff, 0xff, 0xff,
    0x40, 0x0, 0x0, 0x0, 0x7, 0xff, 0xff, 0xff,
    0x40, 0x0, 0x0, 0x0, 0x7, 0xff, 0xff, 0xff,
    0x40, 0x0, 0x0, 0x0, 0x2, 0xff, 0xff, 0xff,
    0x40, 0x0, 0x0, 0x0, 0x2, 0xff, 0xff, 0xfe,
    0x0, 0x0, 0x0, 0x0, 0x2, 0xff, 0xff, 0xe0,
    0x0, 0x0, 0x0, 0x0, 0x2f, 0xff, 0xfe, 0x0,
    0x0, 0x0, 0x0, 0x6f, 0xff, 0xff, 0xe0, 0x0,
    0x0, 0x0, 0x7f, 0xff, 0xff, 0xfd, 0x0, 0x0,
    0x1, 0xbf, 0xff, 0xff, 0xfd, 0x0, 0x0, 0x1,
    0xff, 0xff, 0xff, 0xf9, 0x0, 0x0, 0x2, 0xff,
    0xff, 0xff, 0xf8, 0x0, 0x0, 0x7, 0xff, 0xff,
    0xff, 0xf4, 0x0, 0x0, 0xb, 0xff, 0xff, 0xff,
    0xe4, 0x0, 0x0, 0x7, 0xff, 0xff, 0xff, 0xe0,
    0x0, 0x0, 0x0, 0x7f, 0xff, 0xff, 0xd0, 0x0,
    0x0, 0x0, 0x7, 0xff, 0xff, 0xd0, 0x0, 0x0,
    0x0, 0x0, 0x7f, 0xff, 0x80, 0x0, 0x0, 0x0,
    0x0, 0x7, 0xff, 0x80, 0x0, 0x0, 0x0, 0x0,
    0x0, 0x7f, 0x40, 0x0, 0x0, 0x0, 0x0, 0x0,
    0x6, 0x40, 0x0, 0x0, 0x0, 0x0, 0x0, 0x0,
    0x0, 0x0, 0x0, 0x0, 0x0, 0x0, 0x0, 0x0,

    /* U+003F "?" */
    0x0, 0x0, 0x5, 0x55, 0x50, 0x0, 0x0, 0x0,
    0x6, 0xff, 0xff, 0xff, 0x80, 0x0, 0x1, 0xff,
    0xff, 0xff, 0xff, 0xf8, 0x0, 0x2f, 0xff, 0xff,
    0xff, 0xff, 0xff, 0x0, 0x7f, 0xff, 0xff, 0xff,
    0xff, 0xff, 0xc0, 0x3f, 0xff, 0xff, 0xff, 0xff,
    0xff, 0xf0, 0x2f, 0xff, 0xff, 0xff, 0xff, 0xff,
    0xf4, 0xf, 0xff, 0xff, 0xef, 0xff, 0xff, 0xfc,
    0xb, 0xff, 0x40, 0x0, 0x3f, 0xff, 0xfc, 0x3,
    0xe0, 0x0, 0x0, 0xf, 0xff, 0xfd, 0x1, 0x0,
    0x0, 0x0, 0x7, 0xff, 0xfd, 0x0, 0x0, 0x0,
    0x0, 0x3, 0xff, 0xfd, 0x0, 0x0, 0x0, 0x0,
    0x7, 0xff, 0xfc, 0x0, 0x0, 0x0, 0x0, 0xb,
    0xff, 0xfc, 0x0, 0x0, 0x0, 0x0, 0xf, 0xff,
    0xfc, 0x0, 0x0, 0x0, 0x0, 0x3f, 0xff, 0xf4,
    0x0, 0x0, 0x0, 0x0, 0xff, 0xff, 0xf0, 0x0,
    0x0, 0x0, 0x7, 0xff, 0xff, 0xc0, 0x0, 0x0,
    0x0, 0x3f, 0xff, 0xff, 0x0, 0x0, 0x0, 0x0,
    0xff, 0xff, 0xfc, 0x0, 0x0, 0x0, 0x3, 0xff,
    0xff, 0xf0, 0x0, 0x0, 0x0, 0xf, 0xff, 0xff,
    0x80, 0x0, 0x0, 0x0, 0x2f, 0xff, 0xfd, 0x0,
    0x0, 0x0, 0x0, 0x3f, 0xff, 0xf0, 0x0, 0x0,
    0x0, 0x0, 0x3f, 0xff, 0xc0, 0x0, 0x0, 0x0,
    0x0, 0x7f, 0xff, 0x0, 0x0, 0x0, 0x0, 0x0,
    0x7f, 0xff, 0x0, 0x0, 0x0, 0x0, 0x0, 0x7f,
    0xfe, 0x0, 0x0, 0x0, 0x0, 0x0, 0x7f, 0xfe,
    0x0, 0x0, 0x0, 0x0, 0x0, 0x0, 0x0, 0x0,
    0x0, 0x0, 0x0, 0x0, 0x0, 0x0, 0x0, 0x0,
    0x0, 0x0, 0x0, 0x0, 0x0, 0x0, 0x0, 0x0,
    0x0, 0x0, 0x0, 0x0, 0x0, 0x0, 0x0, 0x0,
    0x0, 0x1, 0x50, 0x0, 0x0, 0x0, 0x0, 0x0,
    0x2f, 0xfe, 0x0, 0x0, 0x0, 0x0, 0x0, 0xff,
    0xff, 0xc0, 0x0, 0x0, 0x0, 0x1, 0xff, 0xff,
    0xd0, 0x0, 0x0, 0x0, 0x2, 0xff, 0xff, 0xe0,
    0x0, 0x0, 0x0, 0x2, 0xff, 0xff, 0xe0, 0x0,
    0x0, 0x0, 0x2, 0xff, 0xff, 0xe0, 0x0, 0x0,
    0x0, 0x1, 0xff, 0xff, 0xd0, 0x0, 0x0, 0x0,
    0x0, 0xff, 0xff, 0xc0, 0x0, 0x0, 0x0, 0x0,
    0x3f, 0xfe, 0x0, 0x0, 0x0, 0x0, 0x0, 0x1,
    0x50, 0x0, 0x0, 0x0,

    /* U+0040 "@" */
    0x0, 0x0, 0x0, 0x0, 0x0, 0x6b, 0xff, 0xfe,
    0x40, 0x0, 0x0, 0x0, 0x0, 0x0, 0x0, 0x0,
    0x6, 0xff, 0xff, 0xff, 0xff, 0xe0, 0x0, 0x0,
    0x0, 0x0, 0x0, 0x0, 0x7, 0xff, 0xff, 0xff,
    0xff, 0xff, 0xf4, 0x0, 0x0, 0x0, 0x0, 0x0,
    0x7, 0xff, 0xff, 0xff, 0xff, 0xff, 0xff, 0xf0,
    0x0, 0x0, 0x0, 0x0, 0x3, 0xff, 0xff, 0xff,
    0xff, 0xff, 0xff, 0xff, 0xd0, 0x0, 0x0, 0x0,
    0x1, 0xff, 0xff, 0xff, 0xe9, 0x5a, 0xff, 0xff,
    0xff, 0x80, 0x0, 0x0, 0x0, 0x7f, 0xff, 0xfd,
    0x0, 0x0, 0x0, 0x2f, 0xff, 0xfe, 0x0, 0x0,
    0x0, 0x1f, 0xff, 0xfd, 0x0, 0x0, 0x0, 0x0,
    0x1f, 0xff, 0xf8, 0x0, 0x0, 0x7, 0xff, 0xfd,
    0x0, 0x0, 0x0, 0x0, 0x0, 0x3f, 0xff, 0xd0,
    0x0, 0x0, 0xff, 0xff, 0x0, 0x0, 0x0, 0x0,
    0x0, 0x0, 0xbf, 0xff, 0x0, 0x0, 0x3f, 0xff,
    0xc0, 0x0, 0x0, 0x0, 0x0, 0x0, 0x2, 0xff,
    0xf8, 0x0, 0x7, 0xff, 0xf0, 0x0, 0x1, 0xaf,
    0xff, 0xe4, 0x0, 0xf, 0xff, 0xc0, 0x0, 0xff,
    0xfc, 0x0, 0x1, 0xff, 0xff, 0xff, 0xfe, 0x40,
    0x7f, 0xfe, 0x0, 0x2f, 0xff, 0x40, 0x0, 0xff,
    0xff, 0xff, 0xff, 0xf8, 0x3, 0xff, 0xf0, 0x3,
    0xff, 0xf0, 0x0, 0x7f, 0xff, 0xff, 0xff, 0xff,
    0x80, 0x1f, 0xff, 0x0, 0x7f, 0xfd, 0x0, 0x1f,
    0xff, 0xff, 0xff, 0xff, 0xf8, 0x0, 0xff, 0xf4,
    0xf, 0xff, 0xc0, 0x3, 0xff, 0xff, 0x95, 0x6f,
    0xff, 0x40, 0xf, 0xff, 0x80, 0xff, 0xf8, 0x0,
    0xbf, 0xff, 0x80, 0x1, 0xff, 0xf4, 0x0, 0xbf,
    0xfc, 0x1f, 0xff, 0x40, 0xf, 0xff, 0xd0, 0x0,
    0x1f, 0xff, 0x40, 0x7, 0xff, 0xc2, 0xff, 0xf0,
    0x2, 0xff, 0xf8, 0x0, 0x1, 0xff, 0xf4, 0x0,
    0x7f, 0xfc, 0x3f, 0xff, 0x0, 0x3f, 0xff, 0x0,
    0x0, 0x1f, 0xff, 0x40, 0x7, 0xff, 0xc3, 0xff,
    0xe0, 0x3, 0xff, 0xf0, 0x0, 0x2, 0xff, 0xf0,
    0x0, 0x7f, 0xfc, 0x3f, 0xfe, 0x0, 0x7f, 0xfe,
    0x0, 0x0, 0x2f, 0xff, 0x0, 0x7, 0xff, 0xc3,
    0xff, 0xd0, 0x7, 0xff, 0xd0, 0x0, 0x2, 0xff,
    0xf0, 0x0, 0x7f, 0xfc, 0x3f, 0xfd, 0x0, 0x7f,
    0xfd, 0x0, 0x0, 0x3f, 0xff, 0x0, 0xb, 0xff,
    0xc3, 0xff, 0xd0, 0x7, 0xff, 0xd0, 0x0, 0x3,
    0xff, 0xf0, 0x0, 0xff, 0xf8, 0x3f, 0xfd, 0x0,
    0x7f, 0xfe, 0x0, 0x0, 0x3f, 0xff, 0x0, 0xf,
    0xff, 0x43, 0xff, 0xd0, 0x3, 0xff, 0xf0, 0x0,
    0xb, 0xff, 0xf0, 0x1, 0xff, 0xf0, 0x3f, 0xfe,
    0x0, 0x3f, 0xff, 0x0, 0x0, 0xff, 0xff, 0x0,
    0x3f, 0xfe, 0x3, 0xff, 0xe0, 0x2, 0xff, 0xfc,
    0x0, 0x2f, 0xff, 0xf4, 0x7, 0xff, 0xd0, 0x3f,
    0xff, 0x0, 0xf, 0xff, 0xf9, 0x5f, 0xff, 0xff,
    0xd6, 0xff, 0xf8, 0x2, 0xff, 0xf0, 0x0, 0xbf,
    0xff, 0xff, 0xff, 0xff, 0xff, 0xff, 0xff, 0x0,
    0x1f, 0xff, 0x80, 0x3, 0xff, 0xff, 0xff, 0xf8,
    0xff, 0xff, 0xff, 0xd0, 0x0, 0xff, 0xfc, 0x0,
    0xf, 0xff, 0xff, 0xfe, 0x7, 0xff, 0xff, 0xf4,
    0x0, 0xb, 0xff, 0xd0, 0x0, 0x2f, 0xff, 0xff,
    0x40, 0x1f, 0xff, 0xfd, 0x0, 0x0, 0x7f, 0xff,
    0x0, 0x0, 0x2f, 0xfe, 0x40, 0x0, 0x2f, 0xf9,
    0x0, 0x0, 0x3, 0xff, 0xf8, 0x0, 0x0, 0x0,
    0x0, 0x0, 0x0, 0x0, 0x0, 0x0, 0x0, 0xf,
    0xff, 0xe0, 0x0, 0x0, 0x0, 0x0, 0x0, 0x0,
    0x0, 0x0, 0x0, 0x0, 0xbf, 0xff, 0x80, 0x0,
    0x0, 0x0, 0x0, 0x0, 0x0, 0x0, 0x0, 0x0,
    0x3, 0xff, 0xff, 0x40, 0x0, 0x0, 0x0, 0x0,
    0x1, 0x40, 0x0, 0x0, 0x0, 0xf, 0xff, 0xfe,
    0x40, 0x0, 0x0, 0x0, 0x1b, 0xf4, 0x0, 0x0,
    0x0, 0x0, 0x3f, 0xff, 0xff, 0x94, 0x0, 0x5,
    0xbf, 0xff, 0x40, 0x0, 0x0, 0x0, 0x0, 0xff,
    0xff, 0xff, 0xff, 0xff, 0xff, 0xff, 0xf4, 0x0,
    0x0, 0x0, 0x0, 0x2, 0xff, 0xff, 0xff, 0xff,
    0xff, 0xff, 0xff, 0x40, 0x0, 0x0, 0x0, 0x0,
    0x3, 0xff, 0xff, 0xff, 0xff, 0xff, 0xff, 0xf4,
    0x0, 0x0, 0x0, 0x0, 0x0, 0x2, 0xff, 0xff,
    0xff, 0xff, 0xff, 0xf9, 0x0, 0x0, 0x0, 0x0,
    0x0, 0x0, 0x1, 0xbf, 0xff, 0xff, 0xff, 0x90,
    0x0, 0x0, 0x0, 0x0, 0x0, 0x0, 0x0, 0x0,
    0x5, 0x59, 0x54, 0x0, 0x0, 0x0, 0x0, 0x0,

    /* U+0041 "A" */
    0x0, 0x0, 0x0, 0x3, 0xff, 0xff, 0xf8, 0x0,
    0x0, 0x0, 0x0, 0x0, 0x0, 0x0, 0x7f, 0xff,
    0xff, 0xc0, 0x0, 0x0, 0x0, 0x0, 0x0, 0x0,
    0xf, 0xff, 0xff, 0xfc, 0x0, 0x0, 0x0, 0x0,
    0x0, 0x0, 0x0, 0xff, 0xff, 0xff, 0xe0, 0x0,
    0x0, 0x0, 0x0, 0x0, 0x0, 0x2f, 0xff, 0xff,
    0xff, 0x0, 0x0, 0x0, 0x0, 0x0, 0x0, 0x3,
    0xff, 0xff, 0xff, 0xf4, 0x0, 0x0, 0x0, 0x0,
    0x0, 0x0, 0x7f, 0xff, 0xff, 0xff, 0x80, 0x0,
    0x0, 0x0, 0x0, 0x0, 0xb, 0xff, 0xf7, 0xff,
    0xfc, 0x0, 0x0, 0x0, 0x0, 0x0, 0x0, 0xff,
    0xff, 0x2f, 0xff, 0xd0, 0x0, 0x0, 0x0, 0x0,
    0x0, 0x1f, 0xff, 0xf1, 0xff, 0xff, 0x0, 0x0,
    0x0, 0x0, 0x0, 0x2, 0xff, 0xfe, 0xf, 0xff,
    0xf0, 0x0, 0x0, 0x0, 0x0, 0x0, 0x3f, 0xff,
    0xd0, 0xff, 0xff, 0x80, 0x0, 0x0, 0x0, 0x0,
    0x7, 0xff, 0xfc, 0xb, 0xff, 0xfc, 0x0, 0x0,
    0x0, 0x0, 0x0, 0xff, 0xff, 0xc0, 0x7f, 0xff,
    0xc0, 0x0, 0x0, 0x0, 0x0, 0xf, 0xff, 0xf8,
    0x3, 0xff, 0xfe, 0x0, 0x0, 0x0, 0x0, 0x1,
    0xff, 0xff, 0x40, 0x3f, 0xff, 0xf0, 0x0, 0x0,
    0x0, 0x0, 0x3f, 0xff, 0xf0, 0x1, 0xff, 0xff,
    0x40, 0x0, 0x0, 0x0, 0x3, 0xff, 0xfe, 0x0,
    0xf, 0xff, 0xf8, 0x0, 0x0, 0x0, 0x0, 0xbf,
    0xff, 0xd0, 0x0, 0xff, 0xff, 0xc0, 0x0, 0x0,
    0x0, 0xf, 0xff, 0xfc, 0x0, 0x7, 0xff, 0xfd,
    0x0, 0x0, 0x0, 0x1, 0xff, 0xff, 0x80, 0x0,
    0x3f, 0xff, 0xf0, 0x0, 0x0, 0x0, 0x2f, 0xff,
    0xf4, 0x0, 0x3, 0xff, 0xff, 0x0, 0x0, 0x0,
    0x3, 0xff, 0xff, 0x0, 0x0, 0x1f, 0xff, 0xf4,
    0x0, 0x0, 0x0, 0x7f, 0xff, 0xe0, 0x0, 0x0,
    0xff, 0xff, 0xc0, 0x0, 0x0, 0xb, 0xff, 0xff,
    0xaa, 0xaa, 0xaf, 0xff, 0xfc, 0x0, 0x0, 0x0,
    0xff, 0xff, 0xff, 0xff, 0xff, 0xff, 0xff, 0xe0,
    0x0, 0x0, 0x1f, 0xff, 0xff, 0xff, 0xff, 0xff,
    0xff, 0xff, 0x0, 0x0, 0x3, 0xff, 0xff, 0xff,
    0xff, 0xff, 0xff, 0xff, 0xf4, 0x0, 0x0, 0x3f,
    0xff, 0xff, 0xff, 0xff, 0xff, 0xff, 0xff, 0x80,
    0x0, 0xb, 0xff, 0xff, 0xff, 0xff, 0xff, 0xff,
    0xff, 0xfc, 0x0, 0x0, 0xff, 0xff, 0xff, 0xff,
    0xff, 0xff, 0xff, 0xff, 0xd0, 0x0, 0xf, 0xff,
    0xff, 0xff, 0xff, 0xff, 0xff, 0xff, 0xfe, 0x0,
    0x2, 0xff, 0xff, 0xc0, 0x0, 0x0, 0x0, 0xbf,
    0xff, 0xf0, 0x0, 0x3f, 0xff, 0xf8, 0x0, 0x0,
    0x0, 0x3, 0xff, 0xff, 0x40, 0x7, 0xff, 0xff,
    0x40, 0x0, 0x0, 0x0, 0x3f, 0xff, 0xfc, 0x0,
    0xbf, 0xff, 0xf0, 0x0, 0x0, 0x0, 0x2, 0xff,
    0xff, 0xc0, 0xf, 0xff, 0xfe, 0x0, 0x0, 0x0,
    0x0, 0xf, 0xff, 0xfe, 0x1, 0xff, 0xff, 0xd0,
    0x0, 0x0, 0x0, 0x0, 0xff, 0xff, 0xf0, 0x2f,
    0xff, 0xfc, 0x0, 0x0, 0x0, 0x0, 0xb, 0xff,
    0xff, 0x43, 0xff, 0xff, 0x80, 0x0, 0x0, 0x0,
    0x0, 0x3f, 0xff, 0xf8, 0x7f, 0xff, 0xf4, 0x0,
    0x0, 0x0, 0x0, 0x3, 0xff, 0xff, 0xcf, 0xff,
    0xff, 0x0, 0x0, 0x0, 0x0, 0x0, 0x2f, 0xff,
    0xfd,

    /* U+0042 "B" */
    0xff, 0xff, 0xff, 0xff, 0xfe, 0x90, 0x0, 0x0,
    0xff, 0xff, 0xff, 0xff, 0xff, 0xff, 0x80, 0x0,
    0xff, 0xff, 0xff, 0xff, 0xff, 0xff, 0xf8, 0x0,
    0xff, 0xff, 0xff, 0xff, 0xff, 0xff, 0xff, 0x0,
    0xff, 0xff, 0xff, 0xff, 0xff, 0xff, 0xff, 0xc0,
    0xff, 0xff, 0xff, 0xff, 0xff, 0xff, 0xff, 0xe0,
    0xff, 0xff, 0xff, 0xff, 0xff, 0xff, 0xff, 0xf0,
    0xff, 0xff, 0xd0, 0x0, 0x1b, 0xff, 0xff, 0xf4,
    0xff, 0xff, 0xd0, 0x0, 0x0, 0xff, 0xff, 0xf8,
    0xff, 0xff, 0xd0, 0x0, 0x0, 0x3f, 0xff, 0xfc,
    0xff, 0xff, 0xd0, 0x0, 0x0, 0x3f, 0xff, 0xfc,
    0xff, 0xff, 0xd0, 0x0, 0x0, 0x2f, 0xff, 0xfc,
    0xff, 0xff, 0xd0, 0x0, 0x0, 0x2f, 0xff, 0xf8,
    0xff, 0xff, 0xd0, 0x0, 0x0, 0x3f, 0xff, 0xf4,
    0xff, 0xff, 0xd0, 0x0, 0x0, 0x7f, 0xff, 0xf0,
    0xff, 0xff, 0xd0, 0x0, 0x0, 0xff, 0xff, 0xe0,
    0xff, 0xff, 0xd0, 0x0, 0x1b, 0xff, 0xff, 0xc0,
    0xff, 0xff, 0xff, 0xff, 0xff, 0xff, 0xff, 0x0,
    0xff, 0xff, 0xff, 0xff, 0xff, 0xff, 0xfc, 0x0,
    0xff, 0xff, 0xff, 0xff, 0xff, 0xff, 0x90, 0x0,
    0xff, 0xff, 0xff, 0xff, 0xff, 0xff, 0x90, 0x0,
    0xff, 0xff, 0xff, 0xff, 0xff, 0xff, 0xfd, 0x0,
    0xff, 0xff, 0xff, 0xff, 0xff, 0xff, 0xff, 0x80,
    0xff, 0xff, 0xff, 0xff, 0xff, 0xff, 0xff, 0xf0,
    0xff, 0xff, 0xd0, 0x0, 0x6, 0xff, 0xff, 0xf8,
    0xff, 0xff, 0xd0, 0x0, 0x0, 0x3f, 0xff, 0xfc,
    0xff, 0xff, 0xd0, 0x0, 0x0, 0x1f, 0xff, 0xfd,
    0xff, 0xff, 0xd0, 0x0, 0x0, 0xf, 0xff, 0xfe,
    0xff, 0xff, 0xd0, 0x0, 0x0, 0xb, 0xff, 0xff,
    0xff, 0xff, 0xd0, 0x0, 0x0, 0xb, 0xff, 0xff,
    0xff, 0xff, 0xd0, 0x0, 0x0, 0xf, 0xff, 0xff,
    0xff, 0xff, 0xd0, 0x0, 0x0, 0xf, 0xff, 0xff,
    0xff, 0xff, 0xd0, 0x0, 0x0, 0x2f, 0xff, 0xfe,
    0xff, 0xff, 0xd0, 0x0, 0x0, 0xbf, 0xff, 0xfd,
    0xff, 0xff, 0xd0, 0x0, 0x1b, 0xff, 0xff, 0xfc,
    0xff, 0xff, 0xff, 0xff, 0xff, 0xff, 0xff, 0xf8,
    0xff, 0xff, 0xff, 0xff, 0xff, 0xff, 0xff, 0xf0,
    0xff, 0xff, 0xff, 0xff, 0xff, 0xff, 0xff, 0xc0,
    0xff, 0xff, 0xff, 0xff, 0xff, 0xff, 0xff, 0x0,
    0xff, 0xff, 0xff, 0xff, 0xff, 0xff, 0xf8, 0x0,
    0xff, 0xff, 0xff, 0xff, 0xff, 0xff, 0x80, 0x0,
    0xff, 0xff, 0xff, 0xff, 0xff, 0x90, 0x0, 0x0,

    /* U+0043 "C" */
    0x0, 0x0, 0x0, 0x0, 0x15, 0x55, 0x40, 0x0,
    0x0, 0x0, 0x0, 0x1, 0xbf, 0xff, 0xff, 0xf9,
    0x0, 0x0, 0x0, 0x2, 0xff, 0xff, 0xff, 0xff,
    0xfe, 0x0, 0x0, 0x2, 0xff, 0xff, 0xff, 0xff,
    0xff, 0xfd, 0x0, 0x0, 0xff, 0xff, 0xff, 0xff,
    0xff, 0xff, 0xc0, 0x0, 0x7f, 0xff, 0xff, 0xff,
    0xff, 0xff, 0xf8, 0x0, 0x1f, 0xff, 0xff, 0xff,
    0xff, 0xff, 0xff, 0x40, 0x3, 0xff, 0xff, 0xff,
    0xff, 0xff, 0xff, 0xf0, 0x0, 0xff, 0xff, 0xff,
    0xe4, 0x0, 0x6f, 0xfd, 0x0, 0x2f, 0xff, 0xff,
    0xd0, 0x0, 0x0, 0xb, 0xc0, 0x3, 0xff, 0xff,
    0xf0, 0x0, 0x0, 0x0, 0x4, 0x0, 0xbf, 0xff,
    0xfc, 0x0, 0x0, 0x0, 0x0, 0x0, 0xf, 0xff,
    0xff, 0x0, 0x0, 0x0, 0x0, 0x0, 0x1, 0xff,
    0xff, 0xe0, 0x0, 0x0, 0x0, 0x0, 0x0, 0x2f,
    0xff, 0xfc, 0x0, 0x0, 0x0, 0x0, 0x0, 0x3,
    0xff, 0xff, 0xc0, 0x0, 0x0, 0x0, 0x0, 0x0,
    0x3f, 0xff, 0xf4, 0x0, 0x0, 0x0, 0x0, 0x0,
    0x7, 0xff, 0xff, 0x0, 0x0, 0x0, 0x0, 0x0,
    0x0, 0xbf, 0xff, 0xf0, 0x0, 0x0, 0x0, 0x0,
    0x0, 0xb, 0xff, 0xff, 0x0, 0x0, 0x0, 0x0,
    0x0, 0x0, 0xbf, 0xff, 0xf0, 0x0, 0x0, 0x0,
    0x0, 0x0, 0xb, 0xff, 0xff, 0x0, 0x0, 0x0,
    0x0, 0x0, 0x0, 0xbf, 0xff, 0xf0, 0x0, 0x0,
    0x0, 0x0, 0x0, 0xb, 0xff, 0xff, 0x0, 0x0,
    0x0, 0x0, 0x0, 0x0, 0xbf, 0xff, 0xf0, 0x0,
    0x0, 0x0, 0x0, 0x0, 0xb, 0xff, 0xff, 0x0,
    0x0, 0x0, 0x0, 0x0, 0x0, 0x7f, 0xff, 0xf0,
    0x0, 0x0, 0x0, 0x0, 0x0, 0x7, 0xff, 0xff,
    0x40, 0x0, 0x0, 0x0, 0x0, 0x0, 0x3f, 0xff,
    0xf8, 0x0, 0x0, 0x0, 0x0, 0x0, 0x3, 0xff,
    0xff, 0xc0, 0x0, 0x0, 0x0, 0x0, 0x0, 0x2f,
    0xff, 0xfd, 0x0, 0x0, 0x0, 0x0, 0x0, 0x1,
    0xff, 0xff, 0xf0, 0x0, 0x0, 0x0, 0x0, 0x0,
    0xf, 0xff, 0xff, 0xc0, 0x0, 0x0, 0x0, 0x0,
    0x0, 0x7f, 0xff, 0xfe, 0x0, 0x0, 0x0, 0x0,
    0x0, 0x3, 0xff, 0xff, 0xfd, 0x0, 0x0, 0x0,
    0x1f, 0x0, 0x1f, 0xff, 0xff, 0xfe, 0x40, 0x5,
    0xbf, 0xf0, 0x0, 0xbf, 0xff, 0xff, 0xff, 0xff,
    0xff, 0xff, 0x0, 0x3, 0xff, 0xff, 0xff, 0xff,
    0xff, 0xff, 0xf0, 0x0, 0xf, 0xff, 0xff, 0xff,
    0xff, 0xff, 0xff, 0x0, 0x0, 0x3f, 0xff, 0xff,
    0xff, 0xff, 0xff, 0xf0, 0x0, 0x0, 0xbf, 0xff,
    0xff, 0xff, 0xff, 0xff, 0x0, 0x0, 0x0, 0xbf,
    0xff, 0xff, 0xff, 0xff, 0xd0, 0x0, 0x0, 0x0,
    0x6f, 0xff, 0xff, 0xff, 0x80, 0x0, 0x0, 0x0,
    0x0, 0x5, 0x55, 0x54, 0x0, 0x0,

    /* U+0044 "D" */
    0xff, 0xff, 0xff, 0xff, 0xfa, 0x40, 0x0, 0x0,
    0x0, 0xff, 0xff, 0xff, 0xff, 0xff, 0xfe, 0x0,
    0x0, 0x0, 0xff, 0xff, 0xff, 0xff, 0xff, 0xff,
    0xf4, 0x0, 0x0, 0xff, 0xff, 0xff, 0xff, 0xff,
    0xff, 0xfe, 0x0, 0x0, 0xff, 0xff, 0xff, 0xff,
    0xff, 0xff, 0xff, 0xd0, 0x0, 0xff, 0xff, 0xff,
    0xff, 0xff, 0xff, 0xff, 0xf4, 0x0, 0xff, 0xff,
    0xff, 0xff, 0xff, 0xff, 0xff, 0xfd, 0x0, 0xff,
    0xff, 0xe5, 0x55, 0xbf, 0xff, 0xff, 0xff, 0x0,
    0xff, 0xff, 0xd0, 0x0, 0x1, 0xff, 0xff, 0xff,
    0x80, 0xff, 0xff, 0xd0, 0x0, 0x0, 0x1f, 0xff,
    0xff, 0xd0, 0xff, 0xff, 0xd0, 0x0, 0x0, 0x3,
    0xff, 0xff, 0xf0, 0xff, 0xff, 0xd0, 0x0, 0x0,
    0x1, 0xff, 0xff, 0xf0, 0xff, 0xff, 0xd0, 0x0,
    0x0, 0x0, 0xbf, 0xff, 0xf8, 0xff, 0xff, 0xd0,
    0x0, 0x0, 0x0, 0x3f, 0xff, 0xfc, 0xff, 0xff,
    0xd0, 0x0, 0x0, 0x0, 0x3f, 0xff, 0xfc, 0xff,
    0xff, 0xd0, 0x0, 0x0, 0x0, 0x1f, 0xff, 0xfd,
    0xff, 0xff, 0xd0, 0x0, 0x0, 0x0, 0x1f, 0xff,
    0xfd, 0xff, 0xff, 0xd0, 0x0, 0x0, 0x0, 0xf,
    0xff, 0xfe, 0xff, 0xff, 0xd0, 0x0, 0x0, 0x0,
    0xf, 0xff, 0xfe, 0xff, 0xff, 0xd0, 0x0, 0x0,
    0x0, 0xf, 0xff, 0xfe, 0xff, 0xff, 0xd0, 0x0,
    0x0, 0x0, 0xf, 0xff, 0xfe, 0xff, 0xff, 0xd0,
    0x0, 0x0, 0x0, 0xf, 0xff, 0xfe, 0xff, 0xff,
    0xd0, 0x0, 0x0, 0x0, 0xf, 0xff, 0xfe, 0xff,
    0xff, 0xd0, 0x0, 0x0, 0x0, 0xf, 0xff, 0xfe,
    0xff, 0xff, 0xd0, 0x0, 0x0, 0x0, 0xf, 0xff,
    0xfd, 0xff, 0xff, 0xd0, 0x0, 0x0, 0x0, 0x1f,
    0xff, 0xfd, 0xff, 0xff, 0xd0, 0x0, 0x0, 0x0,
    0x2f, 0xff, 0xfc, 0xff, 0xff, 0xd0, 0x0, 0x0,
    0x0, 0x3f, 0xff, 0xfc, 0xff, 0xff, 0xd0, 0x0,
    0x0, 0x0, 0x7f, 0xff, 0xf8, 0xff, 0xff, 0xd0,
    0x0, 0x0, 0x0, 0xff, 0xff, 0xf0, 0xff, 0xff,
    0xd0, 0x0, 0x0, 0x2, 0xff, 0xff, 0xf0, 0xff,
    0xff, 0xd0, 0x0, 0x0, 0xb, 0xff, 0xff, 0xd0,
    0xff, 0xff, 0xd0, 0x0, 0x0, 0x2f, 0xff, 0xff,
    0xc0, 0xff, 0xff, 0xd0, 0x0, 0x2, 0xff, 0xff,
    0xff, 0x0, 0xff, 0xff, 0xe5, 0x6a, 0xff, 0xff,
    0xff, 0xfd, 0x0, 0xff, 0xff, 0xff, 0xff, 0xff,
    0xff, 0xff, 0xf8, 0x0, 0xff, 0xff, 0xff, 0xff,
    0xff, 0xff, 0xff, 0xe0, 0x0, 0xff, 0xff, 0xff,
    0xff, 0xff, 0xff, 0xff, 0x80, 0x0, 0xff, 0xff,
    0xff, 0xff, 0xff, 0xff, 0xfc, 0x0, 0x0, 0xff,
    0xff, 0xff, 0xff, 0xff, 0xff, 0xd0, 0x0, 0x0,
    0xff, 0xff, 0xff, 0xff, 0xff, 0xf9, 0x0, 0x0,
    0x0, 0xff, 0xff, 0xff, 0xff, 0xe9, 0x0, 0x0,
    0x0, 0x0,

    /* U+0045 "E" */
    0xbf, 0xff, 0xff, 0xff, 0xff, 0xff, 0xcb, 0xff,
    0xff, 0xff, 0xff, 0xff, 0xfc, 0xbf, 0xff, 0xff,
    0xff, 0xff, 0xff, 0xcb, 0xff, 0xff, 0xff, 0xff,
    0xff, 0xfc, 0xbf, 0xff, 0xff, 0xff, 0xff, 0xff,
    0xcb, 0xff, 0xff, 0xff, 0xff, 0xff, 0xfc, 0xbf,
    0xff, 0xff, 0xff, 0xff, 0xff, 0xcb, 0xff, 0xfe,
    0x55, 0x55, 0x55, 0x54, 0xbf, 0xff, 0xd0, 0x0,
    0x0, 0x0, 0xb, 0xff, 0xfd, 0x0, 0x0, 0x0,
    0x0, 0xbf, 0xff, 0xd0, 0x0, 0x0, 0x0, 0xb,
    0xff, 0xfd, 0x0, 0x0, 0x0, 0x0, 0xbf, 0xff,
    0xd0, 0x0, 0x0, 0x0, 0xb, 0xff, 0xfd, 0x0,
    0x0, 0x0, 0x0, 0xbf, 0xff, 0xd0, 0x0, 0x0,
    0x0, 0xb, 0xff, 0xfd, 0x0, 0x0, 0x0, 0x0,
    0xbf, 0xff, 0xff, 0xff, 0xff, 0xff, 0xb, 0xff,
    0xff, 0xff, 0xff, 0xff, 0xf0, 0xbf, 0xff, 0xff,
    0xff, 0xff, 0xff, 0xb, 0xff, 0xff, 0xff, 0xff,
    0xff, 0xf0, 0xbf, 0xff, 0xff, 0xff, 0xff, 0xff,
    0xb, 0xff, 0xff, 0xff, 0xff, 0xff, 0xf0, 0xbf,
    0xff, 0xff, 0xff, 0xff, 0xff, 0xb, 0xff, 0xfe,
    0x55, 0x55, 0x55, 0x50, 0xbf, 0xff, 0xd0, 0x0,
    0x0, 0x0, 0xb, 0xff, 0xfd, 0x0, 0x0, 0x0,
    0x0, 0xbf, 0xff, 0xd0, 0x0, 0x0, 0x0, 0xb,
    0xff, 0xfd, 0x0, 0x0, 0x0, 0x0, 0xbf, 0xff,
    0xd0, 0x0, 0x0, 0x0, 0xb, 0xff, 0xfd, 0x0,
    0x0, 0x0, 0x0, 0xbf, 0xff, 0xd0, 0x0, 0x0,
    0x0, 0xb, 0xff, 0xfd, 0x0, 0x0, 0x0, 0x0,
    0xbf, 0xff, 0xd0, 0x0, 0x0, 0x0, 0xb, 0xff,
    0xfd, 0x0, 0x0, 0x0, 0x0, 0xbf, 0xff, 0xe5,
    0x55, 0x55, 0x55, 0x4b, 0xff, 0xff, 0xff, 0xff,
    0xff, 0xfc, 0xbf, 0xff, 0xff, 0xff, 0xff, 0xff,
    0xcb, 0xff, 0xff, 0xff, 0xff, 0xff, 0xfc, 0xbf,
    0xff, 0xff, 0xff, 0xff, 0xff, 0xcb, 0xff, 0xff,
    0xff, 0xff, 0xff, 0xfc, 0xbf, 0xff, 0xff, 0xff,
    0xff, 0xff, 0xcb, 0xff, 0xff, 0xff, 0xff, 0xff,
    0xfc,

    /* U+0046 "F" */
    0xbf, 0xff, 0xff, 0xff, 0xff, 0xff, 0xef, 0xff,
    0xff, 0xff, 0xff, 0xff, 0xfb, 0xff, 0xff, 0xff,
    0xff, 0xff, 0xfe, 0xff, 0xff, 0xff, 0xff, 0xff,
    0xff, 0xbf, 0xff, 0xff, 0xff, 0xff, 0xff, 0xef,
    0xff, 0xff, 0xff, 0xff, 0xff, 0xfb, 0xff, 0xff,
    0xff, 0xff, 0xff, 0xfe, 0xff, 0xff, 0x95, 0x55,
    0x55, 0x55, 0xbf, 0xff, 0xd0, 0x0, 0x0, 0x0,
    0x2f, 0xff, 0xf4, 0x0, 0x0, 0x0, 0xb, 0xff,
    0xfd, 0x0, 0x0, 0x0, 0x2, 0xff, 0xff, 0x40,
    0x0, 0x0, 0x0, 0xbf, 0xff, 0xd0, 0x0, 0x0,
    0x0, 0x2f, 0xff, 0xf4, 0x0, 0x0, 0x0, 0xb,
    0xff, 0xfd, 0x0, 0x0, 0x0, 0x2, 0xff, 0xff,
    0x40, 0x0, 0x0, 0x0, 0xbf, 0xff, 0xd0, 0x0,
    0x0, 0x0, 0x2f, 0xff, 0xf4, 0x0, 0x0, 0x0,
    0xb, 0xff, 0xff, 0xff, 0xff, 0xff, 0xf2, 0xff,
    0xff, 0xff, 0xff, 0xff, 0xfc, 0xbf, 0xff, 0xff,
    0xff, 0xff, 0xff, 0x2f, 0xff, 0xff, 0xff, 0xff,
    0xff, 0xcb, 0xff, 0xff, 0xff, 0xff, 0xff, 0xf2,
    0xff, 0xff, 0xff, 0xff, 0xff, 0xfc, 0xbf, 0xff,
    0xff, 0xff, 0xff, 0xff, 0x2f, 0xff, 0xf9, 0x55,
    0x55, 0x55, 0x4b, 0xff, 0xfd, 0x0, 0x0, 0x0,
    0x2, 0xff, 0xff, 0x40, 0x0, 0x0, 0x0, 0xbf,
    0xff, 0xd0, 0x0, 0x0, 0x0, 0x2f, 0xff, 0xf4,
    0x0, 0x0, 0x0, 0xb, 0xff, 0xfd, 0x0, 0x0,
    0x0, 0x2, 0xff, 0xff, 0x40, 0x0, 0x0, 0x0,
    0xbf, 0xff, 0xd0, 0x0, 0x0, 0x0, 0x2f, 0xff,
    0xf4, 0x0, 0x0, 0x0, 0xb, 0xff, 0xfd, 0x0,
    0x0, 0x0, 0x2, 0xff, 0xff, 0x40, 0x0, 0x0,
    0x0, 0xbf, 0xff, 0xd0, 0x0, 0x0, 0x0, 0x2f,
    0xff, 0xf4, 0x0, 0x0, 0x0, 0xb, 0xff, 0xfd,
    0x0, 0x0, 0x0, 0x2, 0xff, 0xff, 0x40, 0x0,
    0x0, 0x0, 0xbf, 0xff, 0xd0, 0x0, 0x0, 0x0,
    0x2f, 0xff, 0xf4, 0x0, 0x0, 0x0, 0x0,

    /* U+0047 "G" */
    0x0, 0x0, 0x0, 0x0, 0x1, 0x55, 0x54, 0x0,
    0x0, 0x0, 0x0, 0x0, 0x6, 0xff, 0xff, 0xff,
    0xf9, 0x0, 0x0, 0x0, 0x1, 0xbf, 0xff, 0xff,
    0xff, 0xff, 0xe4, 0x0, 0x0, 0xf, 0xff, 0xff,
    0xff, 0xff, 0xff, 0xfd, 0x0, 0x0, 0xbf, 0xff,
    0xff, 0xff, 0xff, 0xff, 0xfc, 0x0, 0x2, 0xff,
    0xff, 0xff, 0xff, 0xff, 0xff, 0xf8, 0x0, 0xf,
    0xff, 0xff, 0xff, 0xff, 0xff, 0xff, 0xf0, 0x0,
    0x3f, 0xff, 0xff, 0xff, 0xff, 0xff, 0xff, 0xe0,
    0x0, 0xbf, 0xff, 0xff, 0xf9, 0x0, 0x5, 0xbf,
    0xd0, 0x1, 0xff, 0xff, 0xff, 0x40, 0x0, 0x0,
    0x6, 0xc0, 0x3, 0xff, 0xff, 0xf8, 0x0, 0x0,
    0x0, 0x0, 0x0, 0x7, 0xff, 0xff, 0xe0, 0x0,
    0x0, 0x0, 0x0, 0x0, 0xf, 0xff, 0xff, 0xc0,
    0x0, 0x0, 0x0, 0x0, 0x0, 0xf, 0xff, 0xff,
    0x0, 0x0, 0x0, 0x0, 0x0, 0x0, 0x2f, 0xff,
    0xfe, 0x0, 0x0, 0x0, 0x0, 0x0, 0x0, 0x3f,
    0xff, 0xfc, 0x0, 0x0, 0x0, 0x0, 0x0, 0x0,
    0x3f, 0xff, 0xf8, 0x0, 0x0, 0x0, 0x0, 0x0,
    0x0, 0x3f, 0xff, 0xf4, 0x0, 0x0, 0x0, 0x0,
    0x0, 0x0, 0x7f, 0xff, 0xf0, 0x0, 0x0, 0x0,
    0x0, 0x0, 0x0, 0x7f, 0xff, 0xf0, 0x0, 0x7,
    0xff, 0xff, 0xff, 0xfe, 0x7f, 0xff, 0xf0, 0x0,
    0x7, 0xff, 0xff, 0xff, 0xfe, 0xbf, 0xff, 0xf0,
    0x0, 0x7, 0xff, 0xff, 0xff, 0xfe, 0xbf, 0xff,
    0xf0, 0x0, 0x7, 0xff, 0xff, 0xff, 0xfe, 0x7f,
    0xff, 0xf0, 0x0, 0x7, 0xff, 0xff, 0xff, 0xfe,
    0x7f, 0xff, 0xf0, 0x0, 0x7, 0xff, 0xff, 0xff,
    0xfe, 0x7f, 0xff, 0xf0, 0x0, 0x7, 0xff, 0xff,
    0xff, 0xfe, 0x3f, 0xff, 0xf0, 0x0, 0x1, 0x55,
    0x5b, 0xff, 0xfe, 0x3f, 0xff, 0xf4, 0x0, 0x0,
    0x0, 0x3, 0xff, 0xfe, 0x3f, 0xff, 0xf8, 0x0,
    0x0, 0x0, 0x3, 0xff, 0xfe, 0x2f, 0xff, 0xfc,
    0x0, 0x0, 0x0, 0x3, 0xff, 0xfe, 0x1f, 0xff,
    0xfd, 0x0, 0x0, 0x0, 0x3, 0xff, 0xfe, 0xf,
    0xff, 0xff, 0x0, 0x0, 0x0, 0x3, 0xff, 0xfe,
    0xf, 0xff, 0xff, 0x80, 0x0, 0x0, 0x3, 0xff,
    0xfe, 0x7, 0xff, 0xff, 0xe0, 0x0, 0x0, 0x3,
    0xff, 0xfe, 0x3, 0xff, 0xff, 0xfc, 0x0, 0x0,
    0x3, 0xff, 0xfe, 0x1, 0xff, 0xff, 0xff, 0x90,
    0x0, 0x1b, 0xff, 0xfe, 0x0, 0xbf, 0xff, 0xff,
    0xff, 0xff, 0xff, 0xff, 0xfe, 0x0, 0x3f, 0xff,
    0xff, 0xff, 0xff, 0xff, 0xff, 0xfe, 0x0, 0xf,
    0xff, 0xff, 0xff, 0xff, 0xff, 0xff, 0xfe, 0x0,
    0x2, 0xff, 0xff, 0xff, 0xff, 0xff, 0xff, 0xfe,
    0x0, 0x0, 0x7f, 0xff, 0xff, 0xff, 0xff, 0xff,
    0xfe, 0x0, 0x0, 0xb, 0xff, 0xff, 0xff, 0xff,
    0xff, 0xe4, 0x0, 0x0, 0x0, 0x6f, 0xff, 0xff,
    0xff, 0xe4, 0x0, 0x0, 0x0, 0x0, 0x0, 0x15,
    0x55, 0x50, 0x0, 0x0,

    /* U+0048 "H" */
    0xbf, 0xff, 0xd0, 0x0, 0x0, 0x0, 0xb, 0xff,
    0xfe, 0xbf, 0xff, 0xd0, 0x0, 0x0, 0x0, 0xb,
    0xff, 0xfe, 0xbf, 0xff, 0xd0, 0x0, 0x0, 0x0,
    0xb, 0xff, 0xfe, 0xbf, 0xff, 0xd0, 0x0, 0x0,
    0x0, 0xb, 0xff, 0xfe, 0xbf, 0xff, 0xd0, 0x0,
    0x0, 0x0, 0xb, 0xff, 0xfe, 0xbf, 0xff, 0xd0,
    0x0, 0x0, 0x0, 0xb, 0xff, 0xfe, 0xbf, 0xff,
    0xd0, 0x0, 0x0, 0x0, 0xb, 0xff, 0xfe, 0xbf,
    0xff, 0xd0, 0x0, 0x0, 0x0, 0xb, 0xff, 0xfe,
    0xbf, 0xff, 0xd0, 0x0, 0x0, 0x0, 0xb, 0xff,
    0xfe, 0xbf, 0xff, 0xd0, 0x0, 0x0, 0x0, 0xb,
    0xff, 0xfe, 0xbf, 0xff, 0xd0, 0x0, 0x0, 0x0,
    0xb, 0xff, 0xfe, 0xbf, 0xff, 0xd0, 0x0, 0x0,
    0x0, 0xb, 0xff, 0xfe, 0xbf, 0xff, 0xd0, 0x0,
    0x0, 0x0, 0xb, 0xff, 0xfe, 0xbf, 0xff, 0xd0,
    0x0, 0x0, 0x0, 0xb, 0xff, 0xfe, 0xbf, 0xff,
    0xd0, 0x0, 0x0, 0x0, 0xb, 0xff, 0xfe, 0xbf,
    0xff, 0xd0, 0x0, 0x0, 0x0, 0xb, 0xff, 0xfe,
    0xbf, 0xff, 0xff, 0xff, 0xff, 0xff, 0xff, 0xff,
    0xfe, 0xbf, 0xff, 0xff, 0xff, 0xff, 0xff, 0xff,
    0xff, 0xfe, 0xbf, 0xff, 0xff, 0xff, 0xff, 0xff,
    0xff, 0xff, 0xfe, 0xbf, 0xff, 0xff, 0xff, 0xff,
    0xff, 0xff, 0xff, 0xfe, 0xbf, 0xff, 0xff, 0xff,
    0xff, 0xff, 0xff, 0xff, 0xfe, 0xbf, 0xff, 0xff,
    0xff, 0xff, 0xff, 0xff, 0xff, 0xfe, 0xbf, 0xff,
    0xff, 0xff, 0xff, 0xff, 0xff, 0xff, 0xfe, 0xbf,
    0xff, 0xe5, 0x55, 0x55, 0x55, 0x5f, 0xff, 0xfe,
    0xbf, 0xff, 0xd0, 0x0, 0x0, 0x0, 0xb, 0xff,
    0xfe, 0xbf, 0xff, 0xd0, 0x0, 0x0, 0x0, 0xb,
    0xff, 0xfe, 0xbf, 0xff, 0xd0, 0x0, 0x0, 0x0,
    0xb, 0xff, 0xfe, 0xbf, 0xff, 0xd0, 0x0, 0x0,
    0x0, 0xb, 0xff, 0xfe, 0xbf, 0xff, 0xd0, 0x0,
    0x0, 0x0, 0xb, 0xff, 0xfe, 0xbf, 0xff, 0xd0,
    0x0, 0x0, 0x0, 0xb, 0xff, 0xfe, 0xbf, 0xff,
    0xd0, 0x0, 0x0, 0x0, 0xb, 0xff, 0xfe, 0xbf,
    0xff, 0xd0, 0x0, 0x0, 0x0, 0xb, 0xff, 0xfe,
    0xbf, 0xff, 0xd0, 0x0, 0x0, 0x0, 0xb, 0xff,
    0xfe, 0xbf, 0xff, 0xd0, 0x0, 0x0, 0x0, 0xb,
    0xff, 0xfe, 0xbf, 0xff, 0xd0, 0x0, 0x0, 0x0,
    0xb, 0xff, 0xfe, 0xbf, 0xff, 0xd0, 0x0, 0x0,
    0x0, 0xb, 0xff, 0xfe, 0xbf, 0xff, 0xd0, 0x0,
    0x0, 0x0, 0xb, 0xff, 0xfe, 0xbf, 0xff, 0xd0,
    0x0, 0x0, 0x0, 0xb, 0xff, 0xfe, 0xbf, 0xff,
    0xd0, 0x0, 0x0, 0x0, 0xb, 0xff, 0xfe, 0xbf,
    0xff, 0xd0, 0x0, 0x0, 0x0, 0xb, 0xff, 0xfe,
    0xbf, 0xff, 0xd0, 0x0, 0x0, 0x0, 0xb, 0xff,
    0xfe, 0xbf, 0xff, 0xd0, 0x0, 0x0, 0x0, 0xb,
    0xff, 0xfe,

    /* U+0049 "I" */
    0x3f, 0xff, 0xff, 0xff, 0xff, 0x4f, 0xff, 0xff,
    0xff, 0xff, 0xd3, 0xff, 0xff, 0xff, 0xff, 0xf4,
    0xff, 0xff, 0xff, 0xff, 0xfd, 0x3f, 0xff, 0xff,
    0xff, 0xff, 0x47, 0xff, 0xff, 0xff, 0xff, 0x40,
    0xb, 0xff, 0xff, 0xfd, 0x0, 0x0, 0x3f, 0xff,
    0xf4, 0x0, 0x0, 0xf, 0xff, 0xfc, 0x0, 0x0,
    0x3, 0xff, 0xff, 0x0, 0x0, 0x0, 0xff, 0xff,
    0xc0, 0x0, 0x0, 0x3f, 0xff, 0xf0, 0x0, 0x0,
    0xf, 0xff, 0xfc, 0x0, 0x0, 0x3, 0xff, 0xff,
    0x0, 0x0, 0x0, 0xff, 0xff, 0xc0, 0x0, 0x0,
    0x3f, 0xff, 0xf0, 0x0, 0x0, 0xf, 0xff, 0xfc,
    0x0, 0x0, 0x3, 0xff, 0xff, 0x0, 0x0, 0x0,
    0xff, 0xff, 0xc0, 0x0, 0x0, 0x3f, 0xff, 0xf0,
    0x0, 0x0, 0xf, 0xff, 0xfc, 0x0, 0x0, 0x3,
    0xff, 0xff, 0x0, 0x0, 0x0, 0xff, 0xff, 0xc0,
    0x0, 0x0, 0x3f, 0xff, 0xf0, 0x0, 0x0, 0xf,
    0xff, 0xfc, 0x0, 0x0, 0x3, 0xff, 0xff, 0x0,
    0x0, 0x0, 0xff, 0xff, 0xc0, 0x0, 0x0, 0x3f,
    0xff, 0xf0, 0x0, 0x0, 0xf, 0xff, 0xfc, 0x0,
    0x0, 0x3, 0xff, 0xff, 0x0, 0x0, 0x0, 0xff,
    0xff, 0xc0, 0x0, 0x0, 0x3f, 0xff, 0xf0, 0x0,
    0x0, 0xf, 0xff, 0xfc, 0x0, 0x0, 0x3, 0xff,
    0xff, 0x0, 0x0, 0x0, 0xff, 0xff, 0xd0, 0x0,
    0x2, 0xff, 0xff, 0xff, 0x40, 0x1f, 0xff, 0xff,
    0xff, 0xfd, 0xf, 0xff, 0xff, 0xff, 0xff, 0xd3,
    0xff, 0xff, 0xff, 0xff, 0xf4, 0xff, 0xff, 0xff,
    0xff, 0xfd, 0x3f, 0xff, 0xff, 0xff, 0xff, 0x4f,
    0xff, 0xff, 0xff, 0xff, 0xd0,

    /* U+004A "J" */
    0x0, 0x0, 0xb, 0xff, 0xfd, 0x0, 0x0, 0xb,
    0xff, 0xfd, 0x0, 0x0, 0xb, 0xff, 0xfd, 0x0,
    0x0, 0xb, 0xff, 0xfd, 0x0, 0x0, 0xb, 0xff,
    0xfd, 0x0, 0x0, 0xb, 0xff, 0xfd, 0x0, 0x0,
    0xb, 0xff, 0xfd, 0x0, 0x0, 0xb, 0xff, 0xfd,
    0x0, 0x0, 0xb, 0xff, 0xfd, 0x0, 0x0, 0xb,
    0xff, 0xfd, 0x0, 0x0, 0xb, 0xff, 0xfd, 0x0,
    0x0, 0xb, 0xff, 0xfd, 0x0, 0x0, 0xb, 0xff,
    0xfd, 0x0, 0x0, 0xb, 0xff, 0xfd, 0x0, 0x0,
    0xb, 0xff, 0xfd, 0x0, 0x0, 0xb, 0xff, 0xfd,
    0x0, 0x0, 0xb, 0xff, 0xfd, 0x0, 0x0, 0xb,
    0xff, 0xfd, 0x0, 0x0, 0xb, 0xff, 0xfd, 0x0,
    0x0, 0xb, 0xff, 0xfd, 0x0, 0x0, 0xb, 0xff,
    0xfd, 0x0, 0x0, 0xb, 0xff, 0xfd, 0x0, 0x0,
    0xb, 0xff, 0xfd, 0x0, 0x0, 0xb, 0xff, 0xfd,
    0x0, 0x0, 0xb, 0xff, 0xfd, 0x0, 0x0, 0xb,
    0xff, 0xfd, 0x0, 0x0, 0xb, 0xff, 0xfd, 0x0,
    0x0, 0xb, 0xff, 0xfd, 0x0, 0x0, 0xb, 0xff,
    0xfd, 0x0, 0x0, 0xb, 0xff, 0xfd, 0x0, 0x0,
    0xb, 0xff, 0xfd, 0x0, 0x0, 0xb, 0xff, 0xfd,
    0x0, 0x0, 0xb, 0xff, 0xfd, 0x0, 0x0, 0xb,
    0xff, 0xfd, 0x0, 0x0, 0xb, 0xff, 0xfd, 0x0,
    0x0, 0xb, 0xff, 0xfd, 0x0, 0x0, 0xb, 0xff,
    0xfd, 0x0, 0x0, 0xb, 0xff, 0xfd, 0x0, 0x0,
    0xb, 0xff, 0xfd, 0x0, 0x0, 0xb, 0xff, 0xfd,
    0x0, 0x0, 0xb, 0xff, 0xfd, 0x0, 0x0, 0xb,
    0xff, 0xfd, 0x0, 0x0, 0xf, 0xff, 0xfd, 0x0,
    0x0, 0xf, 0xff, 0xfc, 0x0, 0x0, 0x1f, 0xff,
    0xfc, 0x0, 0x0, 0x3f, 0xff, 0xfc, 0x0, 0x0,
    0xbf, 0xff, 0xf8, 0x7a, 0xaf, 0xff, 0xff, 0xf0,
    0x7f, 0xff, 0xff, 0xff, 0xf0, 0x7f, 0xff, 0xff,
    0xff, 0xc0, 0x7f, 0xff, 0xff, 0xff, 0x80, 0x7f,
    0xff, 0xff, 0xfe, 0x0, 0x7f, 0xff, 0xff, 0xf8,
    0x0, 0x7f, 0xff, 0xff, 0x80, 0x0, 0x2b, 0xff,
    0xe4, 0x0, 0x0,

    /* U+004B "K" */
    0xbf, 0xff, 0xd0, 0x0, 0x0, 0x0, 0xbf, 0xff,
    0xf6, 0xff, 0xff, 0x40, 0x0, 0x0, 0xb, 0xff,
    0xff, 0x8b, 0xff, 0xfd, 0x0, 0x0, 0x0, 0x7f,
    0xff, 0xf8, 0x2f, 0xff, 0xf4, 0x0, 0x0, 0x3,
    0xff, 0xff, 0xc0, 0xbf, 0xff, 0xd0, 0x0, 0x0,
    0x3f, 0xff, 0xfc, 0x2, 0xff, 0xff, 0x40, 0x0,
    0x3, 0xff, 0xff, 0xd0, 0xb, 0xff, 0xfd, 0x0,
    0x0, 0x2f, 0xff, 0xfd, 0x0, 0x2f, 0xff, 0xf4,
    0x0, 0x1, 0xff, 0xff, 0xe0, 0x0, 0xbf, 0xff,
    0xd0, 0x0, 0x1f, 0xff, 0xff, 0x0, 0x2, 0xff,
    0xff, 0x40, 0x0, 0xff, 0xff, 0xf0, 0x0, 0xb,
    0xff, 0xfd, 0x0, 0xf, 0xff, 0xff, 0x40, 0x0,
    0x2f, 0xff, 0xf4, 0x0, 0xbf, 0xff, 0xf4, 0x0,
    0x0, 0xbf, 0xff, 0xd0, 0x7, 0xff, 0xff, 0x80,
    0x0, 0x2, 0xff, 0xff, 0x40, 0x7f, 0xff, 0xfc,
    0x0, 0x0, 0xb, 0xff, 0xfd, 0x3, 0xff, 0xff,
    0xc0, 0x0, 0x0, 0x2f, 0xff, 0xf4, 0x3f, 0xff,
    0xfd, 0x0, 0x0, 0x0, 0xbf, 0xff, 0xd2, 0xff,
    0xff, 0xd0, 0x0, 0x0, 0x2, 0xff, 0xff, 0x5f,
    0xff, 0xfe, 0x0, 0x0, 0x0, 0xb, 0xff, 0xfe,
    0xff, 0xff, 0xf0, 0x0, 0x0, 0x0, 0x2f, 0xff,
    0xff, 0xff, 0xff, 0xd0, 0x0, 0x0, 0x0, 0xbf,
    0xff, 0xff, 0xff, 0xff, 0xc0, 0x0, 0x0, 0x2,
    0xff, 0xff, 0xff, 0xff, 0xff, 0x80, 0x0, 0x0,
    0xb, 0xff, 0xff, 0xff, 0xff, 0xff, 0x40, 0x0,
    0x0, 0x2f, 0xff, 0xff, 0xff, 0xff, 0xff, 0x0,
    0x0, 0x0, 0xbf, 0xff, 0xff, 0xef, 0xff, 0xfe,
    0x0, 0x0, 0x2, 0xff, 0xff, 0xf8, 0x3f, 0xff,
    0xfc, 0x0, 0x0, 0xb, 0xff, 0xff, 0x40, 0x7f,
    0xff, 0xfc, 0x0, 0x0, 0x2f, 0xff, 0xf4, 0x0,
    0xbf, 0xff, 0xf8, 0x0, 0x0, 0xbf, 0xff, 0xd0,
    0x0, 0xff, 0xff, 0xf0, 0x0, 0x2, 0xff, 0xff,
    0x40, 0x1, 0xff, 0xff, 0xf0, 0x0, 0xb, 0xff,
    0xfd, 0x0, 0x3, 0xff, 0xff, 0xd0, 0x0, 0x2f,
    0xff, 0xf4, 0x0, 0x3, 0xff, 0xff, 0xc0, 0x0,
    0xbf, 0xff, 0xd0, 0x0, 0xb, 0xff, 0xff, 0x80,
    0x2, 0xff, 0xff, 0x40, 0x0, 0xf, 0xff, 0xff,
    0x40, 0xb, 0xff, 0xfd, 0x0, 0x0, 0xf, 0xff,
    0xff, 0x0, 0x2f, 0xff, 0xf4, 0x0, 0x0, 0x2f,
    0xff, 0xfe, 0x0, 0xbf, 0xff, 0xd0, 0x0, 0x0,
    0x3f, 0xff, 0xfd, 0x2, 0xff, 0xff, 0x40, 0x0,
    0x0, 0x7f, 0xff, 0xfc, 0xb, 0xff, 0xfd, 0x0,
    0x0, 0x0, 0xbf, 0xff, 0xf8, 0x2f, 0xff, 0xf4,
    0x0, 0x0, 0x0, 0xff, 0xff, 0xf0, 0xbf, 0xff,
    0xd0, 0x0, 0x0, 0x1, 0xff, 0xff, 0xf2, 0xff,
    0xff, 0x40, 0x0, 0x0, 0x3, 0xff, 0xff, 0xe0,

    /* U+004C "L" */
    0xff, 0xff, 0xd0, 0x0, 0x0, 0x0, 0x3, 0xff,
    0xff, 0x40, 0x0, 0x0, 0x0, 0xf, 0xff, 0xfd,
    0x0, 0x0, 0x0, 0x0, 0x3f, 0xff, 0xf4, 0x0,
    0x0, 0x0, 0x0, 0xff, 0xff, 0xd0, 0x0, 0x0,
    0x0, 0x3, 0xff, 0xff, 0x40, 0x0, 0x0, 0x0,
    0xf, 0xff, 0xfd, 0x0, 0x0, 0x0, 0x0, 0x3f,
    0xff, 0xf4, 0x0, 0x0, 0x0, 0x0, 0xff, 0xff,
    0xd0, 0x0, 0x0, 0x0, 0x3, 0xff, 0xff, 0x40,
    0x0, 0x0, 0x0, 0xf, 0xff, 0xfd, 0x0, 0x0,
    0x0, 0x0, 0x3f, 0xff, 0xf4, 0x0, 0x0, 0x0,
    0x0, 0xff, 0xff, 0xd0, 0x0, 0x0, 0x0, 0x3,
    0xff, 0xff, 0x40, 0x0, 0x0, 0x0, 0xf, 0xff,
    0xfd, 0x0, 0x0, 0x0, 0x0, 0x3f, 0xff, 0xf4,
    0x0, 0x0, 0x0, 0x0, 0xff, 0xff, 0xd0, 0x0,
    0x0, 0x0, 0x3, 0xff, 0xff, 0x40, 0x0, 0x0,
    0x0, 0xf, 0xff, 0xfd, 0x0, 0x0, 0x0, 0x0,
    0x3f, 0xff, 0xf4, 0x0, 0x0, 0x0, 0x0, 0xff,
    0xff, 0xd0, 0x0, 0x0, 0x0, 0x3, 0xff, 0xff,
    0x40, 0x0, 0x0, 0x0, 0xf, 0xff, 0xfd, 0x0,
    0x0, 0x0, 0x0, 0x3f, 0xff, 0xf4, 0x0, 0x0,
    0x0, 0x0, 0xff, 0xff, 0xd0, 0x0, 0x0, 0x0,
    0x3, 0xff, 0xff, 0x40, 0x0, 0x0, 0x0, 0xf,
    0xff, 0xfd, 0x0, 0x0, 0x0, 0x0, 0x3f, 0xff,
    0xf4, 0x0, 0x0, 0x0, 0x0, 0xff, 0xff, 0xd0,
    0x0, 0x0, 0x0, 0x3, 0xff, 0xff, 0x40, 0x0,
    0x0, 0x0, 0xf, 0xff, 0xfd, 0x0, 0x0, 0x0,
    0x0, 0x3f, 0xff, 0xf4, 0x0, 0x0, 0x0, 0x0,
    0xff, 0xff, 0xd0, 0x0, 0x0, 0x0, 0x3, 0xff,
    0xff, 0x40, 0x0, 0x0, 0x0, 0xf, 0xff, 0xfe,
    0x55, 0x55, 0x55, 0x55, 0x7f, 0xff, 0xff, 0xff,
    0xff, 0xff, 0xfe, 0xff, 0xff, 0xff, 0xff, 0xff,
    0xff, 0xfb, 0xff, 0xff, 0xff, 0xff, 0xff, 0xff,
    0xef, 0xff, 0xff, 0xff, 0xff, 0xff, 0xff, 0xbf,
    0xff, 0xff, 0xff, 0xff, 0xff, 0xfe, 0xff, 0xff,
    0xff, 0xff, 0xff, 0xff, 0xfb, 0xff, 0xff, 0xff,
    0xff, 0xff, 0xff, 0xe0,

    /* U+004D "M" */
    0xbf, 0xff, 0xff, 0xc0, 0x0, 0x0, 0x0, 0x0,
    0x1f, 0xff, 0xff, 0xf2, 0xff, 0xff, 0xff, 0x0,
    0x0, 0x0, 0x0, 0x0, 0xbf, 0xff, 0xff, 0xcb,
    0xff, 0xff, 0xfe, 0x0, 0x0, 0x0, 0x0, 0x3,
    0xff, 0xff, 0xff, 0x2f, 0xff, 0xff, 0xfc, 0x0,
    0x0, 0x0, 0x0, 0x1f, 0xff, 0xff, 0xfc, 0xbf,
    0xff, 0xff, 0xf0, 0x0, 0x0, 0x0, 0x0, 0xbf,
    0xff, 0xff, 0xf2, 0xff, 0xff, 0xff, 0xe0, 0x0,
    0x0, 0x0, 0x3, 0xff, 0xff, 0xff, 0xcb, 0xff,
    0xff, 0xff, 0xc0, 0x0, 0x0, 0x0, 0x1f, 0xff,
    0xff, 0xff, 0x2f, 0xff, 0xff, 0xff, 0x0, 0x0,
    0x0, 0x0, 0xbf, 0xff, 0xff, 0xfc, 0xbf, 0xff,
    0xff, 0xfd, 0x0, 0x0, 0x0, 0x3, 0xff, 0xff,
    0xff, 0xf2, 0xff, 0xfe, 0xff, 0xfc, 0x0, 0x0,
    0x0, 0x1f, 0xff, 0xff, 0xff, 0xcb, 0xff, 0xf7,
    0xff, 0xf0, 0x0, 0x0, 0x0, 0xbf, 0xfd, 0xff,
    0xff, 0x2f, 0xff, 0xcf, 0xff, 0xd0, 0x0, 0x0,
    0x3, 0xff, 0xf3, 0xff, 0xfc, 0xbf, 0xff, 0x2f,
    0xff, 0x80, 0x0, 0x0, 0x1f, 0xff, 0xcf, 0xff,
    0xf2, 0xff, 0xfc, 0x7f, 0xff, 0x0, 0x0, 0x0,
    0xbf, 0xfd, 0x3f, 0xff, 0xcb, 0xff, 0xf0, 0xff,
    0xfd, 0x0, 0x0, 0x3, 0xff, 0xf0, 0xff, 0xff,
    0x2f, 0xff, 0xd3, 0xff, 0xf8, 0x0, 0x0, 0x1f,
    0xff, 0xc3, 0xff, 0xfc, 0xbf, 0xff, 0x47, 0xff,
    0xf0, 0x0, 0x0, 0xbf, 0xfd, 0xf, 0xff, 0xf2,
    0xff, 0xfd, 0xf, 0xff, 0xd0, 0x0, 0x3, 0xff,
    0xf0, 0x3f, 0xff, 0xcb, 0xff, 0xf4, 0x3f, 0xff,
    0x80, 0x0, 0x1f, 0xff, 0xc0, 0xff, 0xff, 0x2f,
    0xff, 0xd0, 0xbf, 0xff, 0x0, 0x0, 0xbf, 0xfd,
    0x3, 0xff, 0xfc, 0xbf, 0xff, 0x40, 0xff, 0xfc,
    0x0, 0x3, 0xff, 0xf0, 0x1f, 0xff, 0xf2, 0xff,
    0xfd, 0x3, 0xff, 0xf8, 0x0, 0x1f, 0xff, 0xc0,
    0x7f, 0xff, 0xcb, 0xff, 0xf8, 0xb, 0xff, 0xf0,
    0x0, 0xbf, 0xfd, 0x1, 0xff, 0xff, 0x2f, 0xff,
    0xe0, 0x1f, 0xff, 0xc0, 0x3, 0xff, 0xf0, 0x7,
    0xff, 0xfc, 0xbf, 0xff, 0x80, 0x3f, 0xff, 0x40,
    0x1f, 0xff, 0x80, 0x1f, 0xff, 0xf2, 0xff, 0xfe,
    0x0, 0xbf, 0xff, 0x0, 0xbf, 0xfd, 0x0, 0x7f,
    0xff, 0xcb, 0xff, 0xf8, 0x1, 0xff, 0xfc, 0x3,
    0xff, 0xf0, 0x1, 0xff, 0xff, 0x2f, 0xff, 0xe0,
    0x3, 0xff, 0xf4, 0x1f, 0xff, 0x80, 0x7, 0xff,
    0xfc, 0xbf, 0xff, 0x80, 0xb, 0xff, 0xf0, 0xbf,
    0xfd, 0x0, 0x1f, 0xff, 0xf2, 0xff, 0xfe, 0x0,
    0x1f, 0xff, 0xc3, 0xff, 0xf0, 0x0, 0x7f, 0xff,
    0xcb, 0xff, 0xf8, 0x0, 0x3f, 0xff, 0x5f, 0xff,
    0x80, 0x1, 0xff, 0xff, 0x2f, 0xff, 0xe0, 0x0,
    0xff, 0xfe, 0xbf, 0xfd, 0x0, 0x7, 0xff, 0xfc,
    0xbf, 0xff, 0x80, 0x1, 0xff, 0xff, 0xff, 0xf0,
    0x0, 0x1f, 0xff, 0xf2, 0xff, 0xfe, 0x0, 0x3,
    0xff, 0xff, 0xff, 0x80, 0x0, 0x7f, 0xff, 0xcb,
    0xff, 0xf8, 0x0, 0xf, 0xff, 0xff, 0xfd, 0x0,
    0x1, 0xff, 0xff, 0x2f, 0xff, 0xe0, 0x0, 0x2f,
    0xff, 0xff, 0xf0, 0x0, 0x7, 0xff, 0xfc, 0xbf,
    0xff, 0x80, 0x0, 0x3f, 0xff, 0xff, 0x80, 0x0,
    0x1f, 0xff, 0xf2, 0xff, 0xfe, 0x0, 0x0, 0xff,
    0xff, 0xfd, 0x0, 0x0, 0x7f, 0xff, 0xcb, 0xff,
    0xf8, 0x0, 0x2, 0xff, 0xff, 0xf0, 0x0, 0x1,
    0xff, 0xff, 0x2f, 0xff, 0xe0, 0x0, 0x7, 0xff,
    0xff, 0x80, 0x0, 0x7, 0xff, 0xfc, 0xbf, 0xff,
    0x80, 0x0, 0xf, 0xff, 0xfd, 0x0, 0x0, 0x1f,
    0xff, 0xf2, 0xff, 0xfe, 0x0, 0x0, 0x2f, 0xff,
    0xf0, 0x0, 0x0, 0x7f, 0xff, 0xc0,

    /* U+004E "N" */
    0xbf, 0xff, 0xff, 0x0, 0x0, 0x0, 0x0, 0xf,
    0xff, 0xf6, 0xff, 0xff, 0xfe, 0x0, 0x0, 0x0,
    0x0, 0x3f, 0xff, 0xdb, 0xff, 0xff, 0xfd, 0x0,
    0x0, 0x0, 0x0, 0xff, 0xff, 0x6f, 0xff, 0xff,
    0xfc, 0x0, 0x0, 0x0, 0x3, 0xff, 0xfd, 0xbf,
    0xff, 0xff, 0xf8, 0x0, 0x0, 0x0, 0xf, 0xff,
    0xf6, 0xff, 0xff, 0xff, 0xf0, 0x0, 0x0, 0x0,
    0x3f, 0xff, 0xdb, 0xff, 0xff, 0xff, 0xe0, 0x0,
    0x0, 0x0, 0xff, 0xff, 0x6f, 0xff, 0xff, 0xff,
    0xd0, 0x0, 0x0, 0x3, 0xff, 0xfd, 0xbf, 0xff,
    0xff, 0xff, 0xc0, 0x0, 0x0, 0xf, 0xff, 0xf6,
    0xff, 0xff, 0xff, 0xff, 0x40, 0x0, 0x0, 0x3f,
    0xff, 0xdb, 0xff, 0xfb, 0xff, 0xff, 0x0, 0x0,
    0x0, 0xff, 0xff, 0x6f, 0xff, 0xcf, 0xff, 0xfe,
    0x0, 0x0, 0x3, 0xff, 0xfd, 0xbf, 0xff, 0x1f,
    0xff, 0xfc, 0x0, 0x0, 0xf, 0xff, 0xf6, 0xff,
    0xfc, 0x3f, 0xff, 0xfc, 0x0, 0x0, 0x3f, 0xff,
    0xdb, 0xff, 0xf0, 0x7f, 0xff, 0xf4, 0x0, 0x0,
    0xff, 0xff, 0x6f, 0xff, 0xc0, 0xbf, 0xff, 0xf0,
    0x0, 0x3, 0xff, 0xfd, 0xbf, 0xff, 0x40, 0xff,
    0xff, 0xe0, 0x0, 0xf, 0xff, 0xf6, 0xff, 0xfd,
    0x2, 0xff, 0xff, 0xc0, 0x0, 0x3f, 0xff, 0xdb,
    0xff, 0xf4, 0x3, 0xff, 0xff, 0xc0, 0x0, 0xff,
    0xff, 0x6f, 0xff, 0xd0, 0x7, 0xff, 0xff, 0x40,
    0x3, 0xff, 0xfd, 0xbf, 0xff, 0x40, 0xf, 0xff,
    0xff, 0x0, 0xf, 0xff, 0xf6, 0xff, 0xfd, 0x0,
    0xf, 0xff, 0xfe, 0x0, 0x2f, 0xff, 0xdb, 0xff,
    0xf8, 0x0, 0x2f, 0xff, 0xfc, 0x0, 0xbf, 0xff,
    0x6f, 0xff, 0xe0, 0x0, 0x3f, 0xff, 0xf8, 0x2,
    0xff, 0xfd, 0xbf, 0xff, 0x80, 0x0, 0x7f, 0xff,
    0xf4, 0xb, 0xff, 0xf6, 0xff, 0xfe, 0x0, 0x0,
    0xff, 0xff, 0xf0, 0x2f, 0xff, 0xdb, 0xff, 0xf8,
    0x0, 0x0, 0xff, 0xff, 0xe0, 0xbf, 0xff, 0x6f,
    0xff, 0xe0, 0x0, 0x2, 0xff, 0xff, 0xc1, 0xff,
    0xfd, 0xbf, 0xff, 0x80, 0x0, 0x3, 0xff, 0xff,
    0x87, 0xff, 0xf6, 0xff, 0xfe, 0x0, 0x0, 0x7,
    0xff, 0xff, 0x5f, 0xff, 0xdb, 0xff, 0xf8, 0x0,
    0x0, 0xf, 0xff, 0xff, 0x7f, 0xff, 0x6f, 0xff,
    0xe0, 0x0, 0x0, 0x1f, 0xff, 0xff, 0xff, 0xfd,
    0xbf, 0xff, 0x80, 0x0, 0x0, 0x2f, 0xff, 0xff,
    0xff, 0xf6, 0xff, 0xfe, 0x0, 0x0, 0x0, 0x3f,
    0xff, 0xff, 0xff, 0xdb, 0xff, 0xf8, 0x0, 0x0,
    0x0, 0xbf, 0xff, 0xff, 0xff, 0x6f, 0xff, 0xe0,
    0x0, 0x0, 0x0, 0xff, 0xff, 0xff, 0xfd, 0xbf,
    0xff, 0x80, 0x0, 0x0, 0x1, 0xff, 0xff, 0xff,
    0xf6, 0xff, 0xfe, 0x0, 0x0, 0x0, 0x3, 0xff,
    0xff, 0xff, 0xdb, 0xff, 0xf8, 0x0, 0x0, 0x0,
    0x3, 0xff, 0xff, 0xff, 0x6f, 0xff, 0xe0, 0x0,
    0x0, 0x0, 0xb, 0xff, 0xff, 0xfd, 0xbf, 0xff,
    0x80, 0x0, 0x0, 0x0, 0xf, 0xff, 0xff, 0xf6,
    0xff, 0xfe, 0x0, 0x0, 0x0, 0x0, 0x1f, 0xff,
    0xff, 0xd0,

    /* U+004F "O" */
    0x0, 0x0, 0x0, 0x0, 0x15, 0x55, 0x40, 0x0,
    0x0, 0x0, 0x0, 0x0, 0x0, 0x6, 0xff, 0xff,
    0xff, 0xe4, 0x0, 0x0, 0x0, 0x0, 0x0, 0xb,
    0xff, 0xff, 0xff, 0xff, 0xf8, 0x0, 0x0, 0x0,
    0x0, 0x7, 0xff, 0xff, 0xff, 0xff, 0xff, 0xf8,
    0x0, 0x0, 0x0, 0x2, 0xff, 0xff, 0xff, 0xff,
    0xff, 0xff, 0xf4, 0x0, 0x0, 0x0, 0xff, 0xff,
    0xff, 0xff, 0xff, 0xff, 0xff, 0xd0, 0x0, 0x0,
    0x3f, 0xff, 0xff, 0xff, 0xff, 0xff, 0xff, 0xff,
    0x40, 0x0, 0xb, 0xff, 0xff, 0xff, 0xff, 0xff,
    0xff, 0xff, 0xfc, 0x0, 0x1, 0xff, 0xff, 0xff,
    0x90, 0x1, 0xbf, 0xff, 0xff, 0xf0, 0x0, 0x3f,
    0xff, 0xff, 0xc0, 0x0, 0x0, 0x7f, 0xff, 0xff,
    0x40, 0x7, 0xff, 0xff, 0xe0, 0x0, 0x0, 0x0,
    0xff, 0xff, 0xfc, 0x0, 0xff, 0xff, 0xf8, 0x0,
    0x0, 0x0, 0x3, 0xff, 0xff, 0xd0, 0x1f, 0xff,
    0xff, 0x0, 0x0, 0x0, 0x0, 0x2f, 0xff, 0xfe,
    0x2, 0xff, 0xff, 0xd0, 0x0, 0x0, 0x0, 0x0,
    0xff, 0xff, 0xf0, 0x3f, 0xff, 0xfc, 0x0, 0x0,
    0x0, 0x0, 0xb, 0xff, 0xff, 0x3, 0xff, 0xff,
    0xc0, 0x0, 0x0, 0x0, 0x0, 0x7f, 0xff, 0xf4,
    0x7f, 0xff, 0xf8, 0x0, 0x0, 0x0, 0x0, 0x3,
    0xff, 0xff, 0x87, 0xff, 0xff, 0x40, 0x0, 0x0,
    0x0, 0x0, 0x3f, 0xff, 0xfc, 0xbf, 0xff, 0xf0,
    0x0, 0x0, 0x0, 0x0, 0x3, 0xff, 0xff, 0xcb,
    0xff, 0xff, 0x0, 0x0, 0x0, 0x0, 0x0, 0x2f,
    0xff, 0xfc, 0xbf, 0xff, 0xf0, 0x0, 0x0, 0x0,
    0x0, 0x2, 0xff, 0xff, 0xcb, 0xff, 0xff, 0x0,
    0x0, 0x0, 0x0, 0x0, 0x2f, 0xff, 0xfc, 0xbf,
    0xff, 0xf0, 0x0, 0x0, 0x0, 0x0, 0x2, 0xff,
    0xff, 0xcb, 0xff, 0xff, 0x0, 0x0, 0x0, 0x0,
    0x0, 0x2f, 0xff, 0xfc, 0xbf, 0xff, 0xf0, 0x0,
    0x0, 0x0, 0x0, 0x2, 0xff, 0xff, 0xcb, 0xff,
    0xff, 0x0, 0x0, 0x0, 0x0, 0x0, 0x3f, 0xff,
    0xfc, 0x7f, 0xff, 0xf4, 0x0, 0x0, 0x0, 0x0,
    0x3, 0xff, 0xff, 0xc7, 0xff, 0xff, 0x80, 0x0,
    0x0, 0x0, 0x0, 0x3f, 0xff, 0xf8, 0x3f, 0xff,
    0xfc, 0x0, 0x0, 0x0, 0x0, 0x7, 0xff, 0xff,
    0x43, 0xff, 0xff, 0xc0, 0x0, 0x0, 0x0, 0x0,
    0xbf, 0xff, 0xf0, 0x2f, 0xff, 0xfe, 0x0, 0x0,
    0x0, 0x0, 0xf, 0xff, 0xff, 0x0, 0xff, 0xff,
    0xf0, 0x0, 0x0, 0x0, 0x2, 0xff, 0xff, 0xe0,
    0xf, 0xff, 0xff, 0xc0, 0x0, 0x0, 0x0, 0x7f,
    0xff, 0xfc, 0x0, 0x7f, 0xff, 0xfe, 0x0, 0x0,
    0x0, 0x1f, 0xff, 0xff, 0xc0, 0x3, 0xff, 0xff,
    0xfd, 0x0, 0x0, 0xb, 0xff, 0xff, 0xf4, 0x0,
    0x1f, 0xff, 0xff, 0xfe, 0x40, 0x5b, 0xff, 0xff,
    0xfe, 0x0, 0x0, 0xbf, 0xff, 0xff, 0xff, 0xff,
    0xff, 0xff, 0xff, 0xc0, 0x0, 0x3, 0xff, 0xff,
    0xff, 0xff, 0xff, 0xff, 0xff, 0xf0, 0x0, 0x0,
    0xf, 0xff, 0xff, 0xff, 0xff, 0xff, 0xff, 0xfd,
    0x0, 0x0, 0x0, 0x2f, 0xff, 0xff, 0xff, 0xff,
    0xff, 0xff, 0x0, 0x0, 0x0, 0x0, 0x7f, 0xff,
    0xff, 0xff, 0xff, 0xff, 0x80, 0x0, 0x0, 0x0,
    0x0, 0x7f, 0xff, 0xff, 0xff, 0xff, 0x80, 0x0,
    0x0, 0x0, 0x0, 0x0, 0x6f, 0xff, 0xff, 0xfe,
    0x40, 0x0, 0x0, 0x0, 0x0, 0x0, 0x0, 0x1,
    0x55, 0x54, 0x0, 0x0, 0x0, 0x0,

    /* U+0050 "P" */
    0xff, 0xff, 0xff, 0xff, 0xf9, 0x0, 0x0, 0xf,
    0xff, 0xff, 0xff, 0xff, 0xff, 0x80, 0x0, 0xff,
    0xff, 0xff, 0xff, 0xff, 0xff, 0x80, 0xf, 0xff,
    0xff, 0xff, 0xff, 0xff, 0xff, 0x0, 0xff, 0xff,
    0xff, 0xff, 0xff, 0xff, 0xfc, 0xf, 0xff, 0xff,
    0xff, 0xff, 0xff, 0xff, 0xe0, 0xff, 0xff, 0xff,
    0xff, 0xff, 0xff, 0xff, 0x4f, 0xff, 0xfe, 0x55,
    0x6f, 0xff, 0xff, 0xfc, 0xff, 0xff, 0xd0, 0x0,
    0xb, 0xff, 0xff, 0xcf, 0xff, 0xfd, 0x0, 0x0,
    0x2f, 0xff, 0xfd, 0xff, 0xff, 0xd0, 0x0, 0x0,
    0xff, 0xff, 0xef, 0xff, 0xfd, 0x0, 0x0, 0xb,
    0xff, 0xfe, 0xff, 0xff, 0xd0, 0x0, 0x0, 0xbf,
    0xff, 0xef, 0xff, 0xfd, 0x0, 0x0, 0xb, 0xff,
    0xfe, 0xff, 0xff, 0xd0, 0x0, 0x0, 0xbf, 0xff,
    0xef, 0xff, 0xfd, 0x0, 0x0, 0xf, 0xff, 0xfe,
    0xff, 0xff, 0xd0, 0x0, 0x1, 0xff, 0xff, 0xdf,
    0xff, 0xfd, 0x0, 0x0, 0x3f, 0xff, 0xfc, 0xff,
    0xff, 0xd0, 0x0, 0x1f, 0xff, 0xff, 0xcf, 0xff,
    0xfe, 0x56, 0xbf, 0xff, 0xff, 0xf4, 0xff, 0xff,
    0xff, 0xff, 0xff, 0xff, 0xff, 0xf, 0xff, 0xff,
    0xff, 0xff, 0xff, 0xff, 0xc0, 0xff, 0xff, 0xff,
    0xff, 0xff, 0xff, 0xf4, 0xf, 0xff, 0xff, 0xff,
    0xff, 0xff, 0xfd, 0x0, 0xff, 0xff, 0xff, 0xff,
    0xff, 0xfe, 0x0, 0xf, 0xff, 0xff, 0xff, 0xff,
    0xfe, 0x0, 0x0, 0xff, 0xff, 0xff, 0xff, 0xe9,
    0x0, 0x0, 0xf, 0xff, 0xfd, 0x0, 0x0, 0x0,
    0x0, 0x0, 0xff, 0xff, 0xd0, 0x0, 0x0, 0x0,
    0x0, 0xf, 0xff, 0xfd, 0x0, 0x0, 0x0, 0x0,
    0x0, 0xff, 0xff, 0xd0, 0x0, 0x0, 0x0, 0x0,
    0xf, 0xff, 0xfd, 0x0, 0x0, 0x0, 0x0, 0x0,
    0xff, 0xff, 0xd0, 0x0, 0x0, 0x0, 0x0, 0xf,
    0xff, 0xfd, 0x0, 0x0, 0x0, 0x0, 0x0, 0xff,
    0xff, 0xd0, 0x0, 0x0, 0x0, 0x0, 0xf, 0xff,
    0xfd, 0x0, 0x0, 0x0, 0x0, 0x0, 0xff, 0xff,
    0xd0, 0x0, 0x0, 0x0, 0x0, 0xf, 0xff, 0xfd,
    0x0, 0x0, 0x0, 0x0, 0x0, 0xff, 0xff, 0xd0,
    0x0, 0x0, 0x0, 0x0, 0xf, 0xff, 0xfd, 0x0,
    0x0, 0x0, 0x0, 0x0, 0xff, 0xff, 0xd0, 0x0,
    0x0, 0x0, 0x0, 0xf, 0xff, 0xfd, 0x0, 0x0,
    0x0, 0x0, 0x0,

    /* U+0051 "Q" */
    0x0, 0x0, 0x0, 0x0, 0x15, 0x55, 0x40, 0x0,
    0x0, 0x0, 0x0, 0x0, 0x0, 0x6, 0xff, 0xff,
    0xff, 0xe4, 0x0, 0x0, 0x0, 0x0, 0x0, 0xb,
    0xff, 0xff, 0xff, 0xff, 0xf8, 0x0, 0x0, 0x0,
    0x0, 0x7, 0xff, 0xff, 0xff, 0xff, 0xff, 0xf8,
    0x0, 0x0, 0x0, 0x2, 0xff, 0xff, 0xff, 0xff,
    0xff, 0xff, 0xf4, 0x0, 0x0, 0x0, 0xff, 0xff,
    0xff, 0xff, 0xff, 0xff, 0xff, 0xd0, 0x0, 0x0,
    0x3f, 0xff, 0xff, 0xff, 0xff, 0xff, 0xff, 0xff,
    0x40, 0x0, 0xb, 0xff, 0xff, 0xff, 0xff, 0xff,
    0xff, 0xff, 0xfc, 0x0, 0x1, 0xff, 0xff, 0xff,
    0x90, 0x1, 0xbf, 0xff, 0xff, 0xf0, 0x0, 0x3f,
    0xff, 0xff, 0xc0, 0x0, 0x0, 0x7f, 0xff, 0xff,
    0x40, 0x7, 0xff, 0xff, 0xe0, 0x0, 0x0, 0x0,
    0xff, 0xff, 0xfc, 0x0, 0xff, 0xff, 0xf8, 0x0,
    0x0, 0x0, 0x3, 0xff, 0xff, 0xd0, 0x1f, 0xff,
    0xff, 0x0, 0x0, 0x0, 0x0, 0x2f, 0xff, 0xfe,
    0x2, 0xff, 0xff, 0xd0, 0x0, 0x0, 0x0, 0x0,
    0xff, 0xff, 0xf0, 0x3f, 0xff, 0xfc, 0x0, 0x0,
    0x0, 0x0, 0xb, 0xff, 0xff, 0x3, 0xff, 0xff,
    0xc0, 0x0, 0x0, 0x0, 0x0, 0x7f, 0xff, 0xf4,
    0x7f, 0xff, 0xf8, 0x0, 0x0, 0x0, 0x0, 0x3,
    0xff, 0xff, 0x87, 0xff, 0xff, 0x40, 0x0, 0x0,
    0x0, 0x0, 0x3f, 0xff, 0xfc, 0xbf, 0xff, 0xf0,
    0x0, 0x0, 0x0, 0x0, 0x3, 0xff, 0xff, 0xcb,
    0xff, 0xff, 0x0, 0x0, 0x0, 0x0, 0x0, 0x2f,
    0xff, 0xfc, 0xbf, 0xff, 0xf0, 0x0, 0x0, 0x0,
    0x0, 0x2, 0xff, 0xff, 0xcb, 0xff, 0xff, 0x0,
    0x0, 0x0, 0x0, 0x0, 0x2f, 0xff, 0xfc, 0xbf,
    0xff, 0xf0, 0x0, 0x0, 0x0, 0x0, 0x2, 0xff,
    0xff, 0xcb, 0xff, 0xff, 0x0, 0x0, 0x0, 0x0,
    0x0, 0x2f, 0xff, 0xfc, 0xbf, 0xff, 0xf0, 0x0,
    0x0, 0x0, 0x0, 0x2, 0xff, 0xff, 0xcb, 0xff,
    0xff, 0x0, 0x0, 0x0, 0x0, 0x0, 0x3f, 0xff,
    0xfc, 0x7f, 0xff, 0xf4, 0x0, 0x0, 0x0, 0x0,
    0x3, 0xff, 0xff, 0xc7, 0xff, 0xff, 0x80, 0x0,
    0x0, 0x0, 0x0, 0x3f, 0xff, 0xf8, 0x3f, 0xff,
    0xfc, 0x0, 0x0, 0x0, 0x0, 0x7, 0xff, 0xff,
    0x43, 0xff, 0xff, 0xc0, 0x0, 0x0, 0x0, 0x0,
    0xbf, 0xff, 0xf0, 0x2f, 0xff, 0xfe, 0x0, 0x0,
    0x0, 0x0, 0xf, 0xff, 0xff, 0x0, 0xff, 0xff,
    0xf0, 0x0, 0x0, 0x0, 0x2, 0xff, 0xff, 0xe0,
    0xf, 0xff, 0xff, 0xc0, 0x0, 0x0, 0x0, 0x7f,
    0xff, 0xfc, 0x0, 0x7f, 0xff, 0xfe, 0x0, 0x0,
    0x0, 0x1f, 0xff, 0xff, 0xc0, 0x3, 0xff, 0xff,
    0xfd, 0x0, 0x0, 0xb, 0xff, 0xff, 0xf4, 0x0,
    0x1f, 0xff, 0xff, 0xfe, 0x40, 0x5b, 0xff, 0xff,
    0xfe, 0x0, 0x0, 0xbf, 0xff, 0xff, 0xff, 0xff,
    0xff, 0xff, 0xff, 0xc0, 0x0, 0x3, 0xff, 0xff,
    0xff, 0xff, 0xff, 0xff, 0xff, 0xf4, 0x0, 0x0,
    0xf, 0xff, 0xff, 0xff, 0xff, 0xff, 0xff, 0xfd,
    0x0, 0x0, 0x0, 0x2f, 0xff, 0xff, 0xff, 0xff,
    0xff, 0xff, 0x40, 0x0, 0x0, 0x0, 0x7f, 0xff,
    0xff, 0xff, 0xff, 0xff, 0x80, 0x0, 0x0, 0x0,
    0x0, 0x7f, 0xff, 0xff, 0xff, 0xff, 0xc0, 0x0,
    0x0, 0x0, 0x0, 0x0, 0x6f, 0xff, 0xff, 0xff,
    0xfd, 0x0, 0x0, 0x0, 0x0, 0x0, 0x0, 0x1,
    0x56, 0xff, 0xff, 0xf4, 0x0, 0x0, 0x0, 0x0,
    0x0, 0x0, 0x0, 0xb, 0xff, 0xff, 0xd0, 0x0,
    0x0, 0x0, 0x0, 0x0, 0x0, 0x0, 0x3f, 0xff,
    0xff, 0x0, 0x0, 0x0, 0x0, 0x0, 0x0, 0x0,
    0x0, 0xff, 0xff, 0xfc, 0x0, 0x0, 0x0, 0x0,
    0x0, 0x0, 0x0, 0x7, 0xff, 0xff, 0xf0, 0x0,
    0x0, 0x0, 0x0, 0x0, 0x0, 0x0, 0x1f, 0xff,
    0xff, 0xc0, 0x0, 0x0, 0x0, 0x0, 0x0, 0x0,
    0x0, 0xbf, 0xff, 0xff, 0x0, 0x0, 0x0, 0x0,
    0x0, 0x0, 0x0, 0x3, 0xff, 0xff, 0xf8, 0x0,
    0x0, 0x0, 0x0, 0x0, 0x0, 0x0, 0xf, 0xff,
    0xff, 0xe0, 0x0, 0x0, 0x0, 0x0, 0x0, 0x0,
    0x0, 0x7f, 0xff, 0xff, 0x80,

    /* U+0052 "R" */
    0xff, 0xff, 0xff, 0xff, 0xf9, 0x0, 0x0, 0x0,
    0x3, 0xff, 0xff, 0xff, 0xff, 0xff, 0xe0, 0x0,
    0x0, 0xf, 0xff, 0xff, 0xff, 0xff, 0xff, 0xf8,
    0x0, 0x0, 0x3f, 0xff, 0xff, 0xff, 0xff, 0xff,
    0xfd, 0x0, 0x0, 0xff, 0xff, 0xff, 0xff, 0xff,
    0xff, 0xfd, 0x0, 0x3, 0xff, 0xff, 0xff, 0xff,
    0xff, 0xff, 0xfc, 0x0, 0xf, 0xff, 0xff, 0xff,
    0xff, 0xff, 0xff, 0xf8, 0x0, 0x3f, 0xff, 0xf4,
    0x0, 0x1f, 0xff, 0xff, 0xf0, 0x0, 0xff, 0xff,
    0xd0, 0x0, 0x7, 0xff, 0xff, 0xe0, 0x3, 0xff,
    0xff, 0x40, 0x0, 0x3, 0xff, 0xff, 0x80, 0xf,
    0xff, 0xfd, 0x0, 0x0, 0xb, 0xff, 0xff, 0x0,
    0x3f, 0xff, 0xf4, 0x0, 0x0, 0x1f, 0xff, 0xfc,
    0x0, 0xff, 0xff, 0xd0, 0x0, 0x0, 0x7f, 0xff,
    0xf0, 0x3, 0xff, 0xff, 0x40, 0x0, 0x1, 0xff,
    0xff, 0xc0, 0xf, 0xff, 0xfd, 0x0, 0x0, 0x7,
    0xff, 0xff, 0x0, 0x3f, 0xff, 0xf4, 0x0, 0x0,
    0x3f, 0xff, 0xf8, 0x0, 0xff, 0xff, 0xd0, 0x0,
    0x1, 0xff, 0xff, 0xd0, 0x3, 0xff, 0xff, 0x40,
    0x0, 0x1f, 0xff, 0xff, 0x0, 0xf, 0xff, 0xfd,
    0x0, 0x7, 0xff, 0xff, 0xf4, 0x0, 0x3f, 0xff,
    0xff, 0xff, 0xff, 0xff, 0xff, 0x80, 0x0, 0xff,
    0xff, 0xff, 0xff, 0xff, 0xff, 0xf8, 0x0, 0x3,
    0xff, 0xff, 0xff, 0xff, 0xff, 0xff, 0x80, 0x0,
    0xf, 0xff, 0xff, 0xff, 0xff, 0xff, 0xf4, 0x0,
    0x0, 0x3f, 0xff, 0xff, 0xff, 0xff, 0xfe, 0x0,
    0x0, 0x0, 0xff, 0xff, 0xff, 0xff, 0xff, 0xfc,
    0x0, 0x0, 0x3, 0xff, 0xff, 0xff, 0xff, 0xff,
    0xf8, 0x0, 0x0, 0xf, 0xff, 0xfd, 0x0, 0x7f,
    0xff, 0xf0, 0x0, 0x0, 0x3f, 0xff, 0xf4, 0x0,
    0xbf, 0xff, 0xf0, 0x0, 0x0, 0xff, 0xff, 0xd0,
    0x0, 0xff, 0xff, 0xe0, 0x0, 0x3, 0xff, 0xff,
    0x40, 0x2, 0xff, 0xff, 0xc0, 0x0, 0xf, 0xff,
    0xfd, 0x0, 0x3, 0xff, 0xff, 0xc0, 0x0, 0x3f,
    0xff, 0xf4, 0x0, 0x7, 0xff, 0xff, 0x40, 0x0,
    0xff, 0xff, 0xd0, 0x0, 0xb, 0xff, 0xff, 0x0,
    0x3, 0xff, 0xff, 0x40, 0x0, 0xf, 0xff, 0xff,
    0x0, 0xf, 0xff, 0xfd, 0x0, 0x0, 0x2f, 0xff,
    0xfd, 0x0, 0x3f, 0xff, 0xf4, 0x0, 0x0, 0x3f,
    0xff, 0xfc, 0x0, 0xff, 0xff, 0xd0, 0x0, 0x0,
    0x7f, 0xff, 0xfc, 0x3, 0xff, 0xff, 0x40, 0x0,
    0x0, 0xff, 0xff, 0xf4, 0xf, 0xff, 0xfd, 0x0,
    0x0, 0x0, 0xff, 0xff, 0xf0, 0x3f, 0xff, 0xf4,
    0x0, 0x0, 0x2, 0xff, 0xff, 0xf0, 0xff, 0xff,
    0xd0, 0x0, 0x0, 0x3, 0xff, 0xff, 0xd3, 0xff,
    0xff, 0x40, 0x0, 0x0, 0x7, 0xff, 0xff, 0xc0,

    /* U+0053 "S" */
    0x0, 0x0, 0x0, 0x55, 0x54, 0x0, 0x0, 0x0,
    0x0, 0x1b, 0xff, 0xff, 0xfe, 0x40, 0x0, 0x0,
    0x7f, 0xff, 0xff, 0xff, 0xfe, 0x40, 0x0, 0xbf,
    0xff, 0xff, 0xff, 0xff, 0xfc, 0x0, 0xff, 0xff,
    0xff, 0xff, 0xff, 0xff, 0x0, 0xbf, 0xff, 0xff,
    0xff, 0xff, 0xff, 0x80, 0x7f, 0xff, 0xff, 0xff,
    0xff, 0xff, 0xc0, 0x3f, 0xff, 0xff, 0xff, 0xff,
    0xff, 0xf0, 0xf, 0xff, 0xff, 0x80, 0x1, 0xbf,
    0xf4, 0x7, 0xff, 0xff, 0x0, 0x0, 0x1, 0xbc,
    0x2, 0xff, 0xff, 0x40, 0x0, 0x0, 0x0, 0x0,
    0xbf, 0xff, 0xc0, 0x0, 0x0, 0x0, 0x0, 0x3f,
    0xff, 0xf0, 0x0, 0x0, 0x0, 0x0, 0xb, 0xff,
    0xfd, 0x0, 0x0, 0x0, 0x0, 0x2, 0xff, 0xff,
    0xc0, 0x0, 0x0, 0x0, 0x0, 0x7f, 0xff, 0xfc,
    0x0, 0x0, 0x0, 0x0, 0xf, 0xff, 0xff, 0xe0,
    0x0, 0x0, 0x0, 0x2, 0xff, 0xff, 0xff, 0x40,
    0x0, 0x0, 0x0, 0x3f, 0xff, 0xff, 0xfe, 0x0,
    0x0, 0x0, 0x7, 0xff, 0xff, 0xff, 0xf8, 0x0,
    0x0, 0x0, 0x7f, 0xff, 0xff, 0xff, 0xd0, 0x0,
    0x0, 0x7, 0xff, 0xff, 0xff, 0xff, 0x0, 0x0,
    0x0, 0x2f, 0xff, 0xff, 0xff, 0xf4, 0x0, 0x0,
    0x1, 0xff, 0xff, 0xff, 0xff, 0x80, 0x0, 0x0,
    0x7, 0xff, 0xff, 0xff, 0xf4, 0x0, 0x0, 0x0,
    0x1f, 0xff, 0xff, 0xff, 0x0, 0x0, 0x0, 0x0,
    0x7f, 0xff, 0xff, 0xe0, 0x0, 0x0, 0x0, 0x1,
    0xff, 0xff, 0xfc, 0x0, 0x0, 0x0, 0x0, 0xf,
    0xff, 0xff, 0x40, 0x0, 0x0, 0x0, 0x0, 0xff,
    0xff, 0xe0, 0x0, 0x0, 0x0, 0x0, 0x1f, 0xff,
    0xf8, 0x0, 0x0, 0x0, 0x0, 0x3, 0xff, 0xfe,
    0x0, 0x0, 0x0, 0x0, 0x1, 0xff, 0xff, 0x8e,
    0x40, 0x0, 0x0, 0x0, 0xbf, 0xff, 0xd3, 0xfe,
    0x0, 0x0, 0x0, 0x7f, 0xff, 0xf4, 0xff, 0xfe,
    0x40, 0x1, 0xbf, 0xff, 0xfc, 0x3f, 0xff, 0xff,
    0xff, 0xff, 0xff, 0xfe, 0xf, 0xff, 0xff, 0xff,
    0xff, 0xff, 0xff, 0x3, 0xff, 0xff, 0xff, 0xff,
    0xff, 0xff, 0x40, 0xff, 0xff, 0xff, 0xff, 0xff,
    0xff, 0x40, 0x3f, 0xff, 0xff, 0xff, 0xff, 0xff,
    0x0, 0x6, 0xff, 0xff, 0xff, 0xff, 0xfd, 0x0,
    0x0, 0x6, 0xff, 0xff, 0xff, 0xe4, 0x0, 0x0,
    0x0, 0x0, 0x55, 0x55, 0x0, 0x0, 0x0,

    /* U+0054 "T" */
    0xff, 0xff, 0xff, 0xff, 0xff, 0xff, 0xff, 0xff,
    0x7f, 0xff, 0xff, 0xff, 0xff, 0xff, 0xff, 0xff,
    0xdf, 0xff, 0xff, 0xff, 0xff, 0xff, 0xff, 0xff,
    0xf7, 0xff, 0xff, 0xff, 0xff, 0xff, 0xff, 0xff,
    0xfd, 0xff, 0xff, 0xff, 0xff, 0xff, 0xff, 0xff,
    0xff, 0x7f, 0xff, 0xff, 0xff, 0xff, 0xff, 0xff,
    0xff, 0xdf, 0xff, 0xff, 0xff, 0xff, 0xff, 0xff,
    0xff, 0xf5, 0xaa, 0xaa, 0xab, 0xff, 0xff, 0xaa,
    0xaa, 0xa9, 0x0, 0x0, 0x1, 0xff, 0xff, 0xc0,
    0x0, 0x0, 0x0, 0x0, 0x0, 0x7f, 0xff, 0xf0,
    0x0, 0x0, 0x0, 0x0, 0x0, 0x1f, 0xff, 0xfc,
    0x0, 0x0, 0x0, 0x0, 0x0, 0x7, 0xff, 0xff,
    0x0, 0x0, 0x0, 0x0, 0x0, 0x1, 0xff, 0xff,
    0xc0, 0x0, 0x0, 0x0, 0x0, 0x0, 0x7f, 0xff,
    0xf0, 0x0, 0x0, 0x0, 0x0, 0x0, 0x1f, 0xff,
    0xfc, 0x0, 0x0, 0x0, 0x0, 0x0, 0x7, 0xff,
    0xff, 0x0, 0x0, 0x0, 0x0, 0x0, 0x1, 0xff,
    0xff, 0xc0, 0x0, 0x0, 0x0, 0x0, 0x0, 0x7f,
    0xff, 0xf0, 0x0, 0x0, 0x0, 0x0, 0x0, 0x1f,
    0xff, 0xfc, 0x0, 0x0, 0x0, 0x0, 0x0, 0x7,
    0xff, 0xff, 0x0, 0x0, 0x0, 0x0, 0x0, 0x1,
    0xff, 0xff, 0xc0, 0x0, 0x0, 0x0, 0x0, 0x0,
    0x7f, 0xff, 0xf0, 0x0, 0x0, 0x0, 0x0, 0x0,
    0x1f, 0xff, 0xfc, 0x0, 0x0, 0x0, 0x0, 0x0,
    0x7, 0xff, 0xff, 0x0, 0x0, 0x0, 0x0, 0x0,
    0x1, 0xff, 0xff, 0xc0, 0x0, 0x0, 0x0, 0x0,
    0x0, 0x7f, 0xff, 0xf0, 0x0, 0x0, 0x0, 0x0,
    0x0, 0x1f, 0xff, 0xfc, 0x0, 0x0, 0x0, 0x0,
    0x0, 0x7, 0xff, 0xff, 0x0, 0x0, 0x0, 0x0,
    0x0, 0x1, 0xff, 0xff, 0xc0, 0x0, 0x0, 0x0,
    0x0, 0x0, 0x7f, 0xff, 0xf0, 0x0, 0x0, 0x0,
    0x0, 0x0, 0x1f, 0xff, 0xfc, 0x0, 0x0, 0x0,
    0x0, 0x0, 0x7, 0xff, 0xff, 0x0, 0x0, 0x0,
    0x0, 0x0, 0x1, 0xff, 0xff, 0xc0, 0x0, 0x0,
    0x0, 0x0, 0x0, 0x7f, 0xff, 0xf0, 0x0, 0x0,
    0x0, 0x0, 0x0, 0x1f, 0xff, 0xfc, 0x0, 0x0,
    0x0, 0x0, 0x0, 0x7, 0xff, 0xff, 0x0, 0x0,
    0x0, 0x0, 0x0, 0x1, 0xff, 0xff, 0xc0, 0x0,
    0x0, 0x0, 0x0, 0x0, 0x7f, 0xff, 0xf0, 0x0,
    0x0, 0x0, 0x0, 0x0, 0x1f, 0xff, 0xfc, 0x0,
    0x0, 0x0, 0x0, 0x0, 0x7, 0xff, 0xff, 0x0,
    0x0, 0x0, 0x0, 0x0, 0x1, 0xff, 0xff, 0xc0,
    0x0, 0x0, 0x0, 0x0, 0x0, 0x7f, 0xff, 0xf0,
    0x0, 0x0, 0x0,

    /* U+0055 "U" */
    0xff, 0xff, 0xc0, 0x0, 0x0, 0x0, 0xf, 0xff,
    0xfd, 0xff, 0xff, 0xc0, 0x0, 0x0, 0x0, 0xf,
    0xff, 0xfd, 0xff, 0xff, 0xc0, 0x0, 0x0, 0x0,
    0xf, 0xff, 0xfd, 0xff, 0xff, 0xc0, 0x0, 0x0,
    0x0, 0xf, 0xff, 0xfd, 0xff, 0xff, 0xc0, 0x0,
    0x0, 0x0, 0xf, 0xff, 0xfd, 0xff, 0xff, 0xc0,
    0x0, 0x0, 0x0, 0xf, 0xff, 0xfd, 0xff, 0xff,
    0xc0, 0x0, 0x0, 0x0, 0xf, 0xff, 0xfd, 0xff,
    0xff, 0xc0, 0x0, 0x0, 0x0, 0xf, 0xff, 0xfd,
    0xff, 0xff, 0xc0, 0x0, 0x0, 0x0, 0xf, 0xff,
    0xfd, 0xff, 0xff, 0xc0, 0x0, 0x0, 0x0, 0xf,
    0xff, 0xfd, 0xff, 0xff, 0xc0, 0x0, 0x0, 0x0,
    0xf, 0xff, 0xfd, 0xff, 0xff, 0xc0, 0x0, 0x0,
    0x0, 0xf, 0xff, 0xfd, 0xff, 0xff, 0xc0, 0x0,
    0x0, 0x0, 0xf, 0xff, 0xfd, 0xff, 0xff, 0xc0,
    0x0, 0x0, 0x0, 0xf, 0xff, 0xfd, 0xff, 0xff,
    0xc0, 0x0, 0x0, 0x0, 0xf, 0xff, 0xfd, 0xff,
    0xff, 0xc0, 0x0, 0x0, 0x0, 0xf, 0xff, 0xfd,
    0xff, 0xff, 0xc0, 0x0, 0x0, 0x0, 0xf, 0xff,
    0xfd, 0xff, 0xff, 0xc0, 0x0, 0x0, 0x0, 0xf,
    0xff, 0xfd, 0xff, 0xff, 0xc0, 0x0, 0x0, 0x0,
    0xf, 0xff, 0xfd, 0xff, 0xff, 0xc0, 0x0, 0x0,
    0x0, 0xf, 0xff, 0xfd, 0xff, 0xff, 0xc0, 0x0,
    0x0, 0x0, 0xf, 0xff, 0xfd, 0xff, 0xff, 0xc0,
    0x0, 0x0, 0x0, 0xf, 0xff, 0xfd, 0xff, 0xff,
    0xc0, 0x0, 0x0, 0x0, 0xf, 0xff, 0xfd, 0xff,
    0xff, 0xc0, 0x0, 0x0, 0x0, 0xf, 0xff, 0xfd,
    0xff, 0xff, 0xc0, 0x0, 0x0, 0x0, 0xf, 0xff,
    0xfd, 0xff, 0xff, 0xc0, 0x0, 0x0, 0x0, 0xf,
    0xff, 0xfd, 0xff, 0xff, 0xc0, 0x0, 0x0, 0x0,
    0xf, 0xff, 0xfd, 0xff, 0xff, 0xd0, 0x0, 0x0,
    0x0, 0xf, 0xff, 0xfd, 0xff, 0xff, 0xd0, 0x0,
    0x0, 0x0, 0xf, 0xff, 0xfc, 0xff, 0xff, 0xe0,
    0x0, 0x0, 0x0, 0xf, 0xff, 0xfc, 0xbf, 0xff,
    0xf0, 0x0, 0x0, 0x0, 0x2f, 0xff, 0xfc, 0x7f,
    0xff, 0xf4, 0x0, 0x0, 0x0, 0x3f, 0xff, 0xf8,
    0x3f, 0xff, 0xfc, 0x0, 0x0, 0x0, 0xbf, 0xff,
    0xf4, 0x2f, 0xff, 0xff, 0x40, 0x0, 0x2, 0xff,
    0xff, 0xf0, 0xf, 0xff, 0xff, 0xf4, 0x0, 0x6f,
    0xff, 0xff, 0xe0, 0xb, 0xff, 0xff, 0xff, 0xff,
    0xff, 0xff, 0xff, 0xc0, 0x3, 0xff, 0xff, 0xff,
    0xff, 0xff, 0xff, 0xff, 0x40, 0x0, 0xff, 0xff,
    0xff, 0xff, 0xff, 0xff, 0xfd, 0x0, 0x0, 0x3f,
    0xff, 0xff, 0xff, 0xff, 0xff, 0xf4, 0x0, 0x0,
    0xf, 0xff, 0xff, 0xff, 0xff, 0xff, 0xc0, 0x0,
    0x0, 0x1, 0xff, 0xff, 0xff, 0xff, 0xfd, 0x0,
    0x0, 0x0, 0x0, 0x1b, 0xff, 0xff, 0xff, 0x90,
    0x0, 0x0, 0x0, 0x0, 0x0, 0x5, 0x65, 0x40,
    0x0, 0x0, 0x0,

    /* U+0056 "V" */
    0xff, 0xff, 0xd0, 0x0, 0x0, 0x0, 0x0, 0x1f,
    0xff, 0xfd, 0xff, 0xff, 0x80, 0x0, 0x0, 0x0,
    0x0, 0xbf, 0xff, 0xd3, 0xff, 0xff, 0x0, 0x0,
    0x0, 0x0, 0x3, 0xff, 0xff, 0xf, 0xff, 0xfd,
    0x0, 0x0, 0x0, 0x0, 0x1f, 0xff, 0xfc, 0x1f,
    0xff, 0xf8, 0x0, 0x0, 0x0, 0x0, 0xbf, 0xff,
    0xd0, 0x3f, 0xff, 0xf0, 0x0, 0x0, 0x0, 0x3,
    0xff, 0xff, 0x0, 0xff, 0xff, 0xd0, 0x0, 0x0,
    0x0, 0x1f, 0xff, 0xf8, 0x1, 0xff, 0xff, 0x80,
    0x0, 0x0, 0x0, 0xbf, 0xff, 0xd0, 0x3, 0xff,
    0xff, 0x0, 0x0, 0x0, 0x3, 0xff, 0xff, 0x0,
    0xb, 0xff, 0xfc, 0x0, 0x0, 0x0, 0x1f, 0xff,
    0xf8, 0x0, 0x1f, 0xff, 0xf8, 0x0, 0x0, 0x0,
    0xbf, 0xff, 0xd0, 0x0, 0x3f, 0xff, 0xf0, 0x0,
    0x0, 0x3, 0xff, 0xff, 0x0, 0x0, 0xbf, 0xff,
    0xc0, 0x0, 0x0, 0xf, 0xff, 0xf8, 0x0, 0x1,
    0xff, 0xff, 0x80, 0x0, 0x0, 0xbf, 0xff, 0xd0,
    0x0, 0x3, 0xff, 0xff, 0x0, 0x0, 0x3, 0xff,
    0xff, 0x0, 0x0, 0xb, 0xff, 0xfc, 0x0, 0x0,
    0xf, 0xff, 0xf8, 0x0, 0x0, 0x1f, 0xff, 0xf4,
    0x0, 0x0, 0xbf, 0xff, 0xd0, 0x0, 0x0, 0x3f,
    0xff, 0xf0, 0x0, 0x3, 0xff, 0xff, 0x0, 0x0,
    0x0, 0xbf, 0xff, 0xc0, 0x0, 0xf, 0xff, 0xf8,
    0x0, 0x0, 0x1, 0xff, 0xff, 0x40, 0x0, 0xbf,
    0xff, 0xc0, 0x0, 0x0, 0x3, 0xff, 0xff, 0x0,
    0x3, 0xff, 0xff, 0x0, 0x0, 0x0, 0xb, 0xff,
    0xfc, 0x0, 0xf, 0xff, 0xf8, 0x0, 0x0, 0x0,
    0xf, 0xff, 0xf4, 0x0, 0x7f, 0xff, 0xc0, 0x0,
    0x0, 0x0, 0x3f, 0xff, 0xe0, 0x3, 0xff, 0xff,
    0x0, 0x0, 0x0, 0x0, 0xbf, 0xff, 0xc0, 0xf,
    0xff, 0xf4, 0x0, 0x0, 0x0, 0x0, 0xff, 0xff,
    0x40, 0x7f, 0xff, 0xc0, 0x0, 0x0, 0x0, 0x3,
    0xff, 0xfe, 0x2, 0xff, 0xff, 0x0, 0x0, 0x0,
    0x0, 0x7, 0xff, 0xfc, 0xf, 0xff, 0xf4, 0x0,
    0x0, 0x0, 0x0, 0xf, 0xff, 0xf0, 0x3f, 0xff,
    0xc0, 0x0, 0x0, 0x0, 0x0, 0x3f, 0xff, 0xd2,
    0xff, 0xff, 0x0, 0x0, 0x0, 0x0, 0x0, 0x7f,
    0xff, 0x8b, 0xff, 0xf4, 0x0, 0x0, 0x0, 0x0,
    0x0, 0xff, 0xff, 0x3f, 0xff, 0xc0, 0x0, 0x0,
    0x0, 0x0, 0x3, 0xff, 0xfd, 0xff, 0xfe, 0x0,
    0x0, 0x0, 0x0, 0x0, 0x7, 0xff, 0xff, 0xff,
    0xf4, 0x0, 0x0, 0x0, 0x0, 0x0, 0xf, 0xff,
    0xff, 0xff, 0xc0, 0x0, 0x0, 0x0, 0x0, 0x0,
    0x2f, 0xff, 0xff, 0xfe, 0x0, 0x0, 0x0, 0x0,
    0x0, 0x0, 0x7f, 0xff, 0xff, 0xf4, 0x0, 0x0,
    0x0, 0x0, 0x0, 0x0, 0xff, 0xff, 0xff, 0xc0,
    0x0, 0x0, 0x0, 0x0, 0x0, 0x2, 0xff, 0xff,
    0xfe, 0x0, 0x0, 0x0, 0x0, 0x0, 0x0, 0x7,
    0xff, 0xff, 0xf4, 0x0, 0x0, 0x0, 0x0, 0x0,
    0x0, 0xf, 0xff, 0xff, 0xc0, 0x0, 0x0, 0x0,
    0x0, 0x0, 0x0, 0x2f, 0xff, 0xfe, 0x0, 0x0,
    0x0, 0x0,

    /* U+0057 "W" */
    0xff, 0xff, 0xc0, 0x0, 0x0, 0x0, 0x7f, 0xff,
    0xd0, 0x0, 0x0, 0x0, 0x3f, 0xff, 0xf2, 0xff,
    0xff, 0x40, 0x0, 0x0, 0x2, 0xff, 0xff, 0x80,
    0x0, 0x0, 0x1, 0xff, 0xff, 0x87, 0xff, 0xfe,
    0x0, 0x0, 0x0, 0xf, 0xff, 0xff, 0x0, 0x0,
    0x0, 0xb, 0xff, 0xfd, 0xf, 0xff, 0xfc, 0x0,
    0x0, 0x0, 0x3f, 0xff, 0xfc, 0x0, 0x0, 0x0,
    0x3f, 0xff, 0xf0, 0x3f, 0xff, 0xf0, 0x0, 0x0,
    0x1, 0xff, 0xff, 0xf4, 0x0, 0x0, 0x0, 0xff,
    0xff, 0xc0, 0xbf, 0xff, 0xd0, 0x0, 0x0, 0xb,
    0xff, 0xff, 0xf0, 0x0, 0x0, 0x3, 0xff, 0xfe,
    0x1, 0xff, 0xff, 0x40, 0x0, 0x0, 0x3f, 0xff,
    0xff, 0xc0, 0x0, 0x0, 0x1f, 0xff, 0xf4, 0x3,
    0xff, 0xfe, 0x0, 0x0, 0x1, 0xff, 0xff, 0xff,
    0x40, 0x0, 0x0, 0xbf, 0xff, 0xc0, 0xf, 0xff,
    0xfc, 0x0, 0x0, 0xb, 0xff, 0xff, 0xfe, 0x0,
    0x0, 0x3, 0xff, 0xff, 0x0, 0x2f, 0xff, 0xf0,
    0x0, 0x0, 0x3f, 0xff, 0xff, 0xfc, 0x0, 0x0,
    0xf, 0xff, 0xf8, 0x0, 0x7f, 0xff, 0xd0, 0x0,
    0x0, 0xff, 0xff, 0xff, 0xf0, 0x0, 0x0, 0x7f,
    0xff, 0xd0, 0x0, 0xff, 0xff, 0x80, 0x0, 0x7,
    0xff, 0xff, 0xff, 0xd0, 0x0, 0x2, 0xff, 0xff,
    0x0, 0x3, 0xff, 0xff, 0x0, 0x0, 0x2f, 0xff,
    0xaf, 0xff, 0x80, 0x0, 0xf, 0xff, 0xfc, 0x0,
    0x7, 0xff, 0xfc, 0x0, 0x0, 0xff, 0xfd, 0x7f,
    0xff, 0x0, 0x0, 0x3f, 0xff, 0xe0, 0x0, 0xf,
    0xff, 0xf4, 0x0, 0x3, 0xff, 0xf0, 0xff, 0xfc,
    0x0, 0x1, 0xff, 0xff, 0x0, 0x0, 0x3f, 0xff,
    0xe0, 0x0, 0x1f, 0xff, 0xc3, 0xff, 0xf4, 0x0,
    0xb, 0xff, 0xfc, 0x0, 0x0, 0xbf, 0xff, 0xc0,
    0x0, 0xbf, 0xff, 0xf, 0xff, 0xe0, 0x0, 0x3f,
    0xff, 0xe0, 0x0, 0x1, 0xff, 0xff, 0x0, 0x3,
    0xff, 0xf8, 0x2f, 0xff, 0xc0, 0x0, 0xff, 0xff,
    0x40, 0x0, 0x3, 0xff, 0xfd, 0x0, 0xf, 0xff,
    0xd0, 0x7f, 0xff, 0x0, 0x7, 0xff, 0xfc, 0x0,
    0x0, 0xf, 0xff, 0xf8, 0x0, 0x7f, 0xff, 0x0,
    0xff, 0xfd, 0x0, 0x2f, 0xff, 0xf0, 0x0, 0x0,
    0x2f, 0xff, 0xf0, 0x2, 0xff, 0xfc, 0x3, 0xff,
    0xf8, 0x0, 0xff, 0xff, 0x80, 0x0, 0x0, 0x7f,
    0xff, 0xc0, 0xf, 0xff, 0xe0, 0xb, 0xff, 0xf0,
    0x3, 0xff, 0xfd, 0x0, 0x0, 0x0, 0xff, 0xff,
    0x40, 0x3f, 0xff, 0x40, 0x1f, 0xff, 0xd0, 0x1f,
    0xff, 0xf0, 0x0, 0x0, 0x3, 0xff, 0xfe, 0x2,
    0xff, 0xfc, 0x0, 0x3f, 0xff, 0x80, 0xbf, 0xff,
    0xc0, 0x0, 0x0, 0xb, 0xff, 0xfc, 0xf, 0xff,
    0xf0, 0x0, 0xff, 0xff, 0x2, 0xff, 0xfe, 0x0,
    0x0, 0x0, 0x1f, 0xff, 0xf0, 0x3f, 0xff, 0x80,
    0x2, 0xff, 0xfc, 0xf, 0xff, 0xf4, 0x0, 0x0,
    0x0, 0x3f, 0xff, 0xc0, 0xff, 0xfd, 0x0, 0x7,
    0xff, 0xf0, 0x3f, 0xff, 0xc0, 0x0, 0x0, 0x0,
    0xff, 0xff, 0x47, 0xff, 0xf0, 0x0, 0xf, 0xff,
    0xd1, 0xff, 0xff, 0x0, 0x0, 0x0, 0x2, 0xff,
    0xfe, 0x2f, 0xff, 0xc0, 0x0, 0x3f, 0xff, 0x8b,
    0xff, 0xf8, 0x0, 0x0, 0x0, 0x7, 0xff, 0xfc,
    0xff, 0xfe, 0x0, 0x0, 0xbf, 0xff, 0x3f, 0xff,
    0xd0, 0x0, 0x0, 0x0, 0xf, 0xff, 0xf3, 0xff,
    0xf4, 0x0, 0x1, 0xff, 0xfc, 0xff, 0xff, 0x0,
    0x0, 0x0, 0x0, 0x3f, 0xff, 0xdf, 0xff, 0xc0,
    0x0, 0x3, 0xff, 0xf7, 0xff, 0xfc, 0x0, 0x0,
    0x0, 0x0, 0xbf, 0xff, 0xbf, 0xfe, 0x0, 0x0,
    0xb, 0xff, 0xef, 0xff, 0xe0, 0x0, 0x0, 0x0,
    0x1, 0xff, 0xff, 0xff, 0xf4, 0x0, 0x0, 0x1f,
    0xff, 0xff, 0xff, 0x40, 0x0, 0x0, 0x0, 0x3,
    0xff, 0xff, 0xff, 0xc0, 0x0, 0x0, 0x3f, 0xff,
    0xff, 0xfc, 0x0, 0x0, 0x0, 0x0, 0xf, 0xff,
    0xff, 0xff, 0x0, 0x0, 0x0, 0xff, 0xff, 0xff,
    0xf0, 0x0, 0x0, 0x0, 0x0, 0x2f, 0xff, 0xff,
    0xf8, 0x0, 0x0, 0x2, 0xff, 0xff, 0xff, 0x80,
    0x0, 0x0, 0x0, 0x0, 0x7f, 0xff, 0xff, 0xd0,
    0x0, 0x0, 0x7, 0xff, 0xff, 0xfd, 0x0, 0x0,
    0x0, 0x0, 0x0, 0xff, 0xff, 0xff, 0x0, 0x0,
    0x0, 0xf, 0xff, 0xff, 0xf0, 0x0, 0x0, 0x0,
    0x0, 0x2, 0xff, 0xff, 0xfc, 0x0, 0x0, 0x0,
    0x3f, 0xff, 0xff, 0x80, 0x0, 0x0, 0x0, 0x0,
    0x7, 0xff, 0xff, 0xe0, 0x0, 0x0, 0x0, 0xbf,
    0xff, 0xfd, 0x0, 0x0, 0x0, 0x0, 0x0, 0xf,
    0xff, 0xff, 0x40, 0x0, 0x0, 0x1, 0xff, 0xff,
    0xf0, 0x0, 0x0, 0x0,

    /* U+0058 "X" */
    0x2f, 0xff, 0xfe, 0x0, 0x0, 0x0, 0x0, 0xbf,
    0xff, 0xf8, 0xf, 0xff, 0xff, 0x0, 0x0, 0x0,
    0x0, 0xff, 0xff, 0xf0, 0x7, 0xff, 0xff, 0x80,
    0x0, 0x0, 0x3, 0xff, 0xff, 0xd0, 0x2, 0xff,
    0xff, 0xd0, 0x0, 0x0, 0x7, 0xff, 0xff, 0x80,
    0x0, 0xff, 0xff, 0xf0, 0x0, 0x0, 0xf, 0xff,
    0xff, 0x0, 0x0, 0x7f, 0xff, 0xf8, 0x0, 0x0,
    0x2f, 0xff, 0xfd, 0x0, 0x0, 0x2f, 0xff, 0xfc,
    0x0, 0x0, 0x3f, 0xff, 0xfc, 0x0, 0x0, 0xf,
    0xff, 0xff, 0x0, 0x0, 0xff, 0xff, 0xf0, 0x0,
    0x0, 0x7, 0xff, 0xff, 0x40, 0x1, 0xff, 0xff,
    0xd0, 0x0, 0x0, 0x2, 0xff, 0xff, 0xc0, 0x3,
    0xff, 0xff, 0xc0, 0x0, 0x0, 0x0, 0xff, 0xff,
    0xe0, 0xb, 0xff, 0xff, 0x0, 0x0, 0x0, 0x0,
    0x7f, 0xff, 0xf4, 0xf, 0xff, 0xfe, 0x0, 0x0,
    0x0, 0x0, 0x3f, 0xff, 0xfc, 0x3f, 0xff, 0xfc,
    0x0, 0x0, 0x0, 0x0, 0xf, 0xff, 0xfe, 0x7f,
    0xff, 0xf4, 0x0, 0x0, 0x0, 0x0, 0x7, 0xff,
    0xff, 0xff, 0xff, 0xe0, 0x0, 0x0, 0x0, 0x0,
    0x3, 0xff, 0xff, 0xff, 0xff, 0xc0, 0x0, 0x0,
    0x0, 0x0, 0x0, 0xff, 0xff, 0xff, 0xff, 0x40,
    0x0, 0x0, 0x0, 0x0, 0x0, 0x7f, 0xff, 0xff,
    0xfe, 0x0, 0x0, 0x0, 0x0, 0x0, 0x0, 0x3f,
    0xff, 0xff, 0xfc, 0x0, 0x0, 0x0, 0x0, 0x0,
    0x0, 0xf, 0xff, 0xff, 0xf4, 0x0, 0x0, 0x0,
    0x0, 0x0, 0x0, 0xf, 0xff, 0xff, 0xf0, 0x0,
    0x0, 0x0, 0x0, 0x0, 0x0, 0x1f, 0xff, 0xff,
    0xf0, 0x0, 0x0, 0x0, 0x0, 0x0, 0x0, 0x3f,
    0xff, 0xff, 0xf8, 0x0, 0x0, 0x0, 0x0, 0x0,
    0x0, 0xbf, 0xff, 0xff, 0xfd, 0x0, 0x0, 0x0,
    0x0, 0x0, 0x1, 0xff, 0xff, 0xff, 0xff, 0x0,
    0x0, 0x0, 0x0, 0x0, 0x3, 0xff, 0xff, 0xff,
    0xff, 0x80, 0x0, 0x0, 0x0, 0x0, 0xb, 0xff,
    0xff, 0xff, 0xff, 0xd0, 0x0, 0x0, 0x0, 0x0,
    0x1f, 0xff, 0xfe, 0xbf, 0xff, 0xf0, 0x0, 0x0,
    0x0, 0x0, 0x3f, 0xff, 0xfc, 0x3f, 0xff, 0xf8,
    0x0, 0x0, 0x0, 0x0, 0xbf, 0xff, 0xf4, 0x1f,
    0xff, 0xfd, 0x0, 0x0, 0x0, 0x1, 0xff, 0xff,
    0xe0, 0xf, 0xff, 0xff, 0x0, 0x0, 0x0, 0x3,
    0xff, 0xff, 0xc0, 0x3, 0xff, 0xff, 0xc0, 0x0,
    0x0, 0xb, 0xff, 0xff, 0x40, 0x2, 0xff, 0xff,
    0xd0, 0x0, 0x0, 0xf, 0xff, 0xfe, 0x0, 0x0,
    0xff, 0xff, 0xf0, 0x0, 0x0, 0x3f, 0xff, 0xfc,
    0x0, 0x0, 0x7f, 0xff, 0xfc, 0x0, 0x0, 0xbf,
    0xff, 0xf4, 0x0, 0x0, 0x2f, 0xff, 0xfe, 0x0,
    0x0, 0xff, 0xff, 0xf0, 0x0, 0x0, 0xf, 0xff,
    0xff, 0x0, 0x3, 0xff, 0xff, 0xc0, 0x0, 0x0,
    0x7, 0xff, 0xff, 0xc0, 0xb, 0xff, 0xff, 0x80,
    0x0, 0x0, 0x3, 0xff, 0xff, 0xe0, 0xf, 0xff,
    0xff, 0x0, 0x0, 0x0, 0x0, 0xff, 0xff, 0xf4,
    0x3f, 0xff, 0xfd, 0x0, 0x0, 0x0, 0x0, 0xbf,
    0xff, 0xfc, 0x7f, 0xff, 0xf8, 0x0, 0x0, 0x0,
    0x0, 0x3f, 0xff, 0xfe,

    /* U+0059 "Y" */
    0xbf, 0xff, 0xf0, 0x0, 0x0, 0x0, 0x2, 0xff,
    0xff, 0xd3, 0xff, 0xff, 0x80, 0x0, 0x0, 0x0,
    0x3f, 0xff, 0xf8, 0x2f, 0xff, 0xfc, 0x0, 0x0,
    0x0, 0xb, 0xff, 0xff, 0x0, 0xff, 0xff, 0xe0,
    0x0, 0x0, 0x0, 0xff, 0xff, 0xe0, 0xb, 0xff,
    0xff, 0x0, 0x0, 0x0, 0x2f, 0xff, 0xfc, 0x0,
    0x3f, 0xff, 0xf8, 0x0, 0x0, 0x3, 0xff, 0xff,
    0x80, 0x1, 0xff, 0xff, 0xc0, 0x0, 0x0, 0xbf,
    0xff, 0xf0, 0x0, 0xf, 0xff, 0xfe, 0x0, 0x0,
    0xf, 0xff, 0xfd, 0x0, 0x0, 0x7f, 0xff, 0xf0,
    0x0, 0x2, 0xff, 0xff, 0xc0, 0x0, 0x3, 0xff,
    0xff, 0x80, 0x0, 0x3f, 0xff, 0xf4, 0x0, 0x0,
    0x1f, 0xff, 0xfc, 0x0, 0xb, 0xff, 0xff, 0x0,
    0x0, 0x0, 0xbf, 0xff, 0xe0, 0x0, 0xff, 0xff,
    0xc0, 0x0, 0x0, 0x3, 0xff, 0xff, 0x0, 0x2f,
    0xff, 0xf8, 0x0, 0x0, 0x0, 0x2f, 0xff, 0xf8,
    0x3, 0xff, 0xff, 0x0, 0x0, 0x0, 0x0, 0xff,
    0xff, 0xc0, 0xbf, 0xff, 0xe0, 0x0, 0x0, 0x0,
    0xb, 0xff, 0xfe, 0xf, 0xff, 0xfc, 0x0, 0x0,
    0x0, 0x0, 0x3f, 0xff, 0xf2, 0xff, 0xff, 0x40,
    0x0, 0x0, 0x0, 0x1, 0xff, 0xff, 0xbf, 0xff,
    0xf0, 0x0, 0x0, 0x0, 0x0, 0xf, 0xff, 0xff,
    0xff, 0xfd, 0x0, 0x0, 0x0, 0x0, 0x0, 0x7f,
    0xff, 0xff, 0xff, 0xc0, 0x0, 0x0, 0x0, 0x0,
    0x3, 0xff, 0xff, 0xff, 0xf0, 0x0, 0x0, 0x0,
    0x0, 0x0, 0x1f, 0xff, 0xff, 0xfe, 0x0, 0x0,
    0x0, 0x0, 0x0, 0x0, 0xbf, 0xff, 0xff, 0xc0,
    0x0, 0x0, 0x0, 0x0, 0x0, 0x3, 0xff, 0xff,
    0xf8, 0x0, 0x0, 0x0, 0x0, 0x0, 0x0, 0x2f,
    0xff, 0xff, 0x0, 0x0, 0x0, 0x0, 0x0, 0x0,
    0x0, 0xff, 0xff, 0xe0, 0x0, 0x0, 0x0, 0x0,
    0x0, 0x0, 0xf, 0xff, 0xfd, 0x0, 0x0, 0x0,
    0x0, 0x0, 0x0, 0x0, 0xff, 0xff, 0xd0, 0x0,
    0x0, 0x0, 0x0, 0x0, 0x0, 0xf, 0xff, 0xfd,
    0x0, 0x0, 0x0, 0x0, 0x0, 0x0, 0x0, 0xff,
    0xff, 0xd0, 0x0, 0x0, 0x0, 0x0, 0x0, 0x0,
    0xf, 0xff, 0xfd, 0x0, 0x0, 0x0, 0x0, 0x0,
    0x0, 0x0, 0xff, 0xff, 0xd0, 0x0, 0x0, 0x0,
    0x0, 0x0, 0x0, 0xf, 0xff, 0xfd, 0x0, 0x0,
    0x0, 0x0, 0x0, 0x0, 0x0, 0xff, 0xff, 0xd0,
    0x0, 0x0, 0x0, 0x0, 0x0, 0x0, 0xf, 0xff,
    0xfd, 0x0, 0x0, 0x0, 0x0, 0x0, 0x0, 0x0,
    0xff, 0xff, 0xd0, 0x0, 0x0, 0x0, 0x0, 0x0,
    0x0, 0xf, 0xff, 0xfd, 0x0, 0x0, 0x0, 0x0,
    0x0, 0x0, 0x0, 0xff, 0xff, 0xd0, 0x0, 0x0,
    0x0, 0x0, 0x0, 0x0, 0xf, 0xff, 0xfd, 0x0,
    0x0, 0x0, 0x0, 0x0, 0x0, 0x0, 0xff, 0xff,
    0xd0, 0x0, 0x0, 0x0, 0x0, 0x0, 0x0, 0xf,
    0xff, 0xfd, 0x0, 0x0, 0x0, 0x0, 0x0, 0x0,
    0x0, 0xff, 0xff, 0xd0, 0x0, 0x0, 0x0,

    /* U+005A "Z" */
    0x3f, 0xff, 0xff, 0xff, 0xff, 0xff, 0xff, 0xff,
    0xf, 0xff, 0xff, 0xff, 0xff, 0xff, 0xff, 0xff,
    0xc3, 0xff, 0xff, 0xff, 0xff, 0xff, 0xff, 0xff,
    0xf0, 0xff, 0xff, 0xff, 0xff, 0xff, 0xff, 0xff,
    0xfc, 0x3f, 0xff, 0xff, 0xff, 0xff, 0xff, 0xff,
    0xff, 0xf, 0xff, 0xff, 0xff, 0xff, 0xff, 0xff,
    0xff, 0xc3, 0xff, 0xff, 0xff, 0xff, 0xff, 0xff,
    0xff, 0xd0, 0x55, 0x55, 0x55, 0x55, 0x56, 0xff,
    0xff, 0xe0, 0x0, 0x0, 0x0, 0x0, 0x0, 0xff,
    0xff, 0xf0, 0x0, 0x0, 0x0, 0x0, 0x0, 0xbf,
    0xff, 0xf0, 0x0, 0x0, 0x0, 0x0, 0x0, 0x7f,
    0xff, 0xf4, 0x0, 0x0, 0x0, 0x0, 0x0, 0x3f,
    0xff, 0xf8, 0x0, 0x0, 0x0, 0x0, 0x0, 0x2f,
    0xff, 0xfc, 0x0, 0x0, 0x0, 0x0, 0x0, 0x1f,
    0xff, 0xfd, 0x0, 0x0, 0x0, 0x0, 0x0, 0xf,
    0xff, 0xfe, 0x0, 0x0, 0x0, 0x0, 0x0, 0xf,
    0xff, 0xff, 0x0, 0x0, 0x0, 0x0, 0x0, 0xb,
    0xff, 0xff, 0x0, 0x0, 0x0, 0x0, 0x0, 0x3,
    0xff, 0xff, 0x40, 0x0, 0x0, 0x0, 0x0, 0x3,
    0xff, 0xff, 0x80, 0x0, 0x0, 0x0, 0x0, 0x2,
    0xff, 0xff, 0xc0, 0x0, 0x0, 0x0, 0x0, 0x1,
    0xff, 0xff, 0xd0, 0x0, 0x0, 0x0, 0x0, 0x0,
    0xff, 0xff, 0xe0, 0x0, 0x0, 0x0, 0x0, 0x0,
    0xff, 0xff, 0xf0, 0x0, 0x0, 0x0, 0x0, 0x0,
    0xbf, 0xff, 0xf0, 0x0, 0x0, 0x0, 0x0, 0x0,
    0x3f, 0xff, 0xf4, 0x0, 0x0, 0x0, 0x0, 0x0,
    0x3f, 0xff, 0xf8, 0x0, 0x0, 0x0, 0x0, 0x0,
    0x2f, 0xff, 0xfc, 0x0, 0x0, 0x0, 0x0, 0x0,
    0x1f, 0xff, 0xfd, 0x0, 0x0, 0x0, 0x0, 0x0,
    0xf, 0xff, 0xfe, 0x0, 0x0, 0x0, 0x0, 0x0,
    0xf, 0xff, 0xff, 0x0, 0x0, 0x0, 0x0, 0x0,
    0xb, 0xff, 0xff, 0x0, 0x0, 0x0, 0x0, 0x0,
    0x3, 0xff, 0xff, 0x40, 0x0, 0x0, 0x0, 0x0,
    0x3, 0xff, 0xff, 0x80, 0x0, 0x0, 0x0, 0x0,
    0x2, 0xff, 0xff, 0xc0, 0x0, 0x0, 0x0, 0x0,
    0x1, 0xff, 0xff, 0xe5, 0x55, 0x55, 0x55, 0x55,
    0x50, 0xff, 0xff, 0xff, 0xff, 0xff, 0xff, 0xff,
    0xfd, 0xbf, 0xff, 0xff, 0xff, 0xff, 0xff, 0xff,
    0xff, 0x6f, 0xff, 0xff, 0xff, 0xff, 0xff, 0xff,
    0xff, 0xdb, 0xff, 0xff, 0xff, 0xff, 0xff, 0xff,
    0xff, 0xf6, 0xff, 0xff, 0xff, 0xff, 0xff, 0xff,
    0xff, 0xfd, 0xbf, 0xff, 0xff, 0xff, 0xff, 0xff,
    0xff, 0xff, 0x6f, 0xff, 0xff, 0xff, 0xff, 0xff,
    0xff, 0xff, 0xd0,

    /* U+005B "[" */
    0xff, 0xff, 0xff, 0xf7, 0xff, 0xff, 0xff, 0xdf,
    0xff, 0xff, 0xff, 0x7f, 0xff, 0xff, 0xfd, 0xff,
    0xff, 0xff, 0xf7, 0xff, 0xff, 0xff, 0xdf, 0xff,
    0xf0, 0x0, 0x3f, 0xff, 0xc0, 0x0, 0xff, 0xff,
    0x0, 0x3, 0xff, 0xfc, 0x0, 0xf, 0xff, 0xf0,
    0x0, 0x3f, 0xff, 0xc0, 0x0, 0xff, 0xff, 0x0,
    0x3, 0xff, 0xfc, 0x0, 0xf, 0xff, 0xf0, 0x0,
    0x3f, 0xff, 0xc0, 0x0, 0xff, 0xff, 0x0, 0x3,
    0xff, 0xfc, 0x0, 0xf, 0xff, 0xf0, 0x0, 0x3f,
    0xff, 0xc0, 0x0, 0xff, 0xff, 0x0, 0x3, 0xff,
    0xfc, 0x0, 0xf, 0xff, 0xf0, 0x0, 0x3f, 0xff,
    0xc0, 0x0, 0xff, 0xff, 0x0, 0x3, 0xff, 0xfc,
    0x0, 0xf, 0xff, 0xf0, 0x0, 0x3f, 0xff, 0xc0,
    0x0, 0xff, 0xff, 0x0, 0x3, 0xff, 0xfc, 0x0,
    0xf, 0xff, 0xf0, 0x0, 0x3f, 0xff, 0xc0, 0x0,
    0xff, 0xff, 0x0, 0x3, 0xff, 0xfc, 0x0, 0xf,
    0xff, 0xf0, 0x0, 0x3f, 0xff, 0xc0, 0x0, 0xff,
    0xff, 0x0, 0x3, 0xff, 0xfc, 0x0, 0xf, 0xff,
    0xf0, 0x0, 0x3f, 0xff, 0xc0, 0x0, 0xff, 0xff,
    0x0, 0x3, 0xff, 0xfc, 0x0, 0xf, 0xff, 0xf0,
    0x0, 0x3f, 0xff, 0xc0, 0x0, 0xff, 0xff, 0x0,
    0x3, 0xff, 0xfc, 0x0, 0xf, 0xff, 0xff, 0xff,
    0x7f, 0xff, 0xff, 0xfd, 0xff, 0xff, 0xff, 0xf7,
    0xff, 0xff, 0xff, 0xdf, 0xff, 0xff, 0xff, 0x7f,
    0xff, 0xff, 0xfd,

    /* U+005C "\\" */
    0x7f, 0xff, 0x80, 0x0, 0x0, 0x0, 0xf, 0xff,
    0xf0, 0x0, 0x0, 0x0, 0x2, 0xff, 0xfd, 0x0,
    0x0, 0x0, 0x0, 0x7f, 0xff, 0xc0, 0x0, 0x0,
    0x0, 0xf, 0xff, 0xf0, 0x0, 0x0, 0x0, 0x2,
    0xff, 0xfe, 0x0, 0x0, 0x0, 0x0, 0x3f, 0xff,
    0xc0, 0x0, 0x0, 0x0, 0xf, 0xff, 0xf4, 0x0,
    0x0, 0x0, 0x1, 0xff, 0xff, 0x0, 0x0, 0x0,
    0x0, 0x3f, 0xff, 0xc0, 0x0, 0x0, 0x0, 0xb,
    0xff, 0xf8, 0x0, 0x0, 0x0, 0x1, 0xff, 0xff,
    0x0, 0x0, 0x0, 0x0, 0x3f, 0xff, 0xd0, 0x0,
    0x0, 0x0, 0xb, 0xff, 0xf8, 0x0, 0x0, 0x0,
    0x0, 0xff, 0xff, 0x0, 0x0, 0x0, 0x0, 0x3f,
    0xff, 0xd0, 0x0, 0x0, 0x0, 0x7, 0xff, 0xfc,
    0x0, 0x0, 0x0, 0x0, 0xff, 0xff, 0x0, 0x0,
    0x0, 0x0, 0x2f, 0xff, 0xe0, 0x0, 0x0, 0x0,
    0x3, 0xff, 0xfc, 0x0, 0x0, 0x0, 0x0, 0xff,
    0xff, 0x40, 0x0, 0x0, 0x0, 0x1f, 0xff, 0xe0,
    0x0, 0x0, 0x0, 0x3, 0xff, 0xfc, 0x0, 0x0,
    0x0, 0x0, 0xbf, 0xff, 0x40, 0x0, 0x0, 0x0,
    0x1f, 0xff, 0xf0, 0x0, 0x0, 0x0, 0x3, 0xff,
    0xfd, 0x0, 0x0, 0x0, 0x0, 0xbf, 0xff, 0x80,
    0x0, 0x0, 0x0, 0xf, 0xff, 0xf0, 0x0, 0x0,
    0x0, 0x3, 0xff, 0xfd, 0x0, 0x0, 0x0, 0x0,
    0x7f, 0xff, 0xc0, 0x0, 0x0, 0x0, 0xf, 0xff,
    0xf0, 0x0, 0x0, 0x0, 0x2, 0xff, 0xfe, 0x0,
    0x0, 0x0, 0x0, 0x7f, 0xff, 0xc0, 0x0, 0x0,
    0x0, 0xf, 0xff, 0xf4, 0x0, 0x0, 0x0, 0x2,
    0xff, 0xfe, 0x0, 0x0, 0x0, 0x0, 0x3f, 0xff,
    0xc0, 0x0, 0x0, 0x0, 0xf, 0xff, 0xf4, 0x0,
    0x0, 0x0, 0x1, 0xff, 0xff, 0x0, 0x0, 0x0,
    0x0, 0x3f, 0xff, 0xc0, 0x0, 0x0, 0x0, 0xb,
    0xff, 0xf8, 0x0, 0x0, 0x0, 0x1, 0xff, 0xff,
    0x0, 0x0, 0x0, 0x0, 0x3f, 0xff, 0xd0,

    /* U+005D "]" */
    0xbf, 0xff, 0xff, 0xfa, 0xff, 0xff, 0xff, 0xeb,
    0xff, 0xff, 0xff, 0xaf, 0xff, 0xff, 0xfe, 0xbf,
    0xff, 0xff, 0xfa, 0xff, 0xff, 0xff, 0xe0, 0x0,
    0x3f, 0xff, 0x80, 0x0, 0xff, 0xfe, 0x0, 0x3,
    0xff, 0xf8, 0x0, 0xf, 0xff, 0xe0, 0x0, 0x3f,
    0xff, 0x80, 0x0, 0xff, 0xfe, 0x0, 0x3, 0xff,
    0xf8, 0x0, 0xf, 0xff, 0xe0, 0x0, 0x3f, 0xff,
    0x80, 0x0, 0xff, 0xfe, 0x0, 0x3, 0xff, 0xf8,
    0x0, 0xf, 0xff, 0xe0, 0x0, 0x3f, 0xff, 0x80,
    0x0, 0xff, 0xfe, 0x0, 0x3, 0xff, 0xf8, 0x0,
    0xf, 0xff, 0xe0, 0x0, 0x3f, 0xff, 0x80, 0x0,
    0xff, 0xfe, 0x0, 0x3, 0xff, 0xf8, 0x0, 0xf,
    0xff, 0xe0, 0x0, 0x3f, 0xff, 0x80, 0x0, 0xff,
    0xfe, 0x0, 0x3, 0xff, 0xf8, 0x0, 0xf, 0xff,
    0xe0, 0x0, 0x3f, 0xff, 0x80, 0x0, 0xff, 0xfe,
    0x0, 0x3, 0xff, 0xf8, 0x0, 0xf, 0xff, 0xe0,
    0x0, 0x3f, 0xff, 0x80, 0x0, 0xff, 0xfe, 0x0,
    0x3, 0xff, 0xf8, 0x0, 0xf, 0xff, 0xe0, 0x0,
    0x3f, 0xff, 0x80, 0x0, 0xff, 0xfe, 0x0, 0x3,
    0xff, 0xf8, 0x0, 0xf, 0xff, 0xe0, 0x0, 0x3f,
    0xff, 0x80, 0x0, 0xff, 0xfe, 0x0, 0x3, 0xff,
    0xf8, 0x0, 0xf, 0xff, 0xeb, 0xff, 0xff, 0xff,
    0xaf, 0xff, 0xff, 0xfe, 0xbf, 0xff, 0xff, 0xfa,
    0xff, 0xff, 0xff, 0xeb, 0xff, 0xff, 0xff, 0xaf,
    0xff, 0xff, 0xfe,

    /* U+005E "^" */
    0x0, 0x0, 0x0, 0x1a, 0x90, 0x0, 0x0, 0x0,
    0x0, 0x0, 0x0, 0x7f, 0xf0, 0x0, 0x0, 0x0,
    0x0, 0x0, 0x0, 0xbf, 0xf4, 0x0, 0x0, 0x0,
    0x0, 0x0, 0x0, 0xff, 0xfc, 0x0, 0x0, 0x0,
    0x0, 0x0, 0x2, 0xff, 0xfe, 0x0, 0x0, 0x0,
    0x0, 0x0, 0x3, 0xff, 0xff, 0x0, 0x0, 0x0,
    0x0, 0x0, 0xb, 0xff, 0xff, 0x80, 0x0, 0x0,
    0x0, 0x0, 0xf, 0xff, 0xff, 0xc0, 0x0, 0x0,
    0x0, 0x0, 0x2f, 0xff, 0xff, 0xe0, 0x0, 0x0,
    0x0, 0x0, 0x3f, 0xff, 0xff, 0xf0, 0x0, 0x0,
    0x0, 0x0, 0x7f, 0xfc, 0xff, 0xf8, 0x0, 0x0,
    0x0, 0x0, 0xff, 0xf8, 0x7f, 0xfc, 0x0, 0x0,
    0x0, 0x1, 0xff, 0xf0, 0x3f, 0xff, 0x0, 0x0,
    0x0, 0x3, 0xff, 0xe0, 0x1f, 0xff, 0x40, 0x0,
    0x0, 0x7, 0xff, 0xc0, 0xf, 0xff, 0xc0, 0x0,
    0x0, 0xf, 0xff, 0xc0, 0x7, 0xff, 0xd0, 0x0,
    0x0, 0x1f, 0xff, 0x40, 0x3, 0xff, 0xf0, 0x0,
    0x0, 0x2f, 0xff, 0x0, 0x1, 0xff, 0xf4, 0x0,
    0x0, 0x3f, 0xfd, 0x0, 0x0, 0xff, 0xfc, 0x0,
    0x0, 0xbf, 0xfc, 0x0, 0x0, 0x7f, 0xfd, 0x0,
    0x0, 0xff, 0xf8, 0x0, 0x0, 0x3f, 0xff, 0x0,
    0x2, 0xff, 0xf0, 0x0, 0x0, 0x1f, 0xff, 0x80,
    0x3, 0xff, 0xe0, 0x0, 0x0, 0xf, 0xff, 0xc0,
    0xb, 0xff, 0xd0, 0x0, 0x0, 0x7, 0xff, 0xe0,
    0xf, 0xff, 0xc0, 0x0, 0x0, 0x3, 0xff, 0xf0,
    0x1f, 0xff, 0x40, 0x0, 0x0, 0x1, 0xff, 0xf8,
    0x3f, 0xff, 0x0, 0x0, 0x0, 0x0, 0xff, 0xfc,
    0x7f, 0xfe, 0x0, 0x0, 0x0, 0x0, 0x7f, 0xfe,

    /* U+005F "_" */
    0x0, 0x0, 0x0, 0x0, 0x0, 0x0, 0x3, 0xff,
    0xff, 0xff, 0xff, 0xff, 0xff, 0x3f, 0xff, 0xff,
    0xff, 0xff, 0xff, 0xf3, 0xff, 0xff, 0xff, 0xff,
    0xff, 0xff, 0x3f, 0xff, 0xff, 0xff, 0xff, 0xff,
    0xf0,

    /* U+0060 "`" */
    0x6a, 0xaa, 0xa4, 0x0, 0x3, 0xff, 0xff, 0xd0,
    0x0, 0xf, 0xff, 0xff, 0x0, 0x0, 0x3f, 0xff,
    0xf8, 0x0, 0x0, 0xbf, 0xff, 0xe0, 0x0, 0x2,
    0xff, 0xff, 0x40, 0x0, 0x7, 0xff, 0xfc, 0x0,
    0x0, 0xf, 0xff, 0xf0, 0x0, 0x0, 0x2f, 0xff,
    0xc0, 0x0, 0x0, 0x7f, 0xfd,

    /* U+0061 "a" */
    0x0, 0x0, 0x0, 0x15, 0x55, 0x0, 0x0, 0x0,
    0x0, 0x6, 0xff, 0xff, 0xff, 0xd0, 0x0, 0x0,
    0x1f, 0xff, 0xff, 0xff, 0xff, 0xd0, 0x0, 0xf,
    0xff, 0xff, 0xff, 0xff, 0xff, 0x80, 0x0, 0xbf,
    0xff, 0xff, 0xff, 0xff, 0xfe, 0x0, 0x3, 0xff,
    0xff, 0xff, 0xff, 0xff, 0xf0, 0x0, 0x3f, 0xff,
    0xff, 0xff, 0xff, 0xff, 0x80, 0x1, 0xff, 0xe4,
    0x0, 0xbf, 0xff, 0xfc, 0x0, 0xf, 0x40, 0x0,
    0x1, 0xff, 0xff, 0xd0, 0x0, 0x0, 0x0, 0x0,
    0xb, 0xff, 0xfe, 0x0, 0x0, 0x0, 0x0, 0x0,
    0x7f, 0xff, 0xe0, 0x0, 0x0, 0x0, 0x0, 0x7,
    0xff, 0xfe, 0x0, 0x0, 0x0, 0x0, 0x0, 0x7f,
    0xff, 0xe0, 0x0, 0x6, 0xff, 0xff, 0xff, 0xff,
    0xfe, 0x0, 0x1f, 0xff, 0xff, 0xff, 0xff, 0xff,
    0xe0, 0xf, 0xff, 0xff, 0xff, 0xff, 0xff, 0xfe,
    0x3, 0xff, 0xff, 0xff, 0xff, 0xff, 0xff, 0xe0,
    0xff, 0xff, 0xff, 0xff, 0xff, 0xff, 0xfe, 0x2f,
    0xff, 0xff, 0x90, 0x0, 0x7f, 0xff, 0xe3, 0xff,
    0xff, 0xc0, 0x0, 0x7, 0xff, 0xfe, 0x7f, 0xff,
    0xf0, 0x0, 0x0, 0x7f, 0xff, 0xe7, 0xff, 0xff,
    0x0, 0x0, 0x7, 0xff, 0xfe, 0xbf, 0xff, 0xe0,
    0x0, 0x0, 0xbf, 0xff, 0xeb, 0xff, 0xfe, 0x0,
    0x0, 0xf, 0xff, 0xfe, 0xbf, 0xff, 0xf0, 0x0,
    0x2, 0xff, 0xff, 0xe7, 0xff, 0xff, 0x40, 0x0,
    0xbf, 0xff, 0xfe, 0x3f, 0xff, 0xfe, 0x0, 0x7f,
    0xff, 0xff, 0xe3, 0xff, 0xff, 0xff, 0xff, 0xff,
    0xff, 0xfe, 0x2f, 0xff, 0xff, 0xff, 0xff, 0xff,
    0xff, 0xe0, 0xff, 0xff, 0xff, 0xff, 0xf8, 0xff,
    0xfe, 0x3, 0xff, 0xff, 0xff, 0xfe, 0xb, 0xff,
    0xe0, 0xf, 0xff, 0xff, 0xff, 0x40, 0x3f, 0xfe,
    0x0, 0x1f, 0xff, 0xff, 0x80, 0x3, 0xff, 0xe0,
    0x0, 0x5, 0x55, 0x0, 0x0, 0x0, 0x0,

    /* U+0062 "b" */
    0xbf, 0xff, 0xd0, 0x0, 0x0, 0x0, 0x0, 0x0,
    0xbf, 0xff, 0xd0, 0x0, 0x0, 0x0, 0x0, 0x0,
    0xbf, 0xff, 0xd0, 0x0, 0x0, 0x0, 0x0, 0x0,
    0xbf, 0xff, 0xd0, 0x0, 0x0, 0x0, 0x0, 0x0,
    0xbf, 0xff, 0xd0, 0x0, 0x0, 0x0, 0x0, 0x0,
    0xbf, 0xff, 0xd0, 0x0, 0x0, 0x0, 0x0, 0x0,
    0xbf, 0xff, 0xd0, 0x0, 0x0, 0x0, 0x0, 0x0,
    0xbf, 0xff, 0xd0, 0x0, 0x0, 0x0, 0x0, 0x0,
    0xbf, 0xff, 0xd0, 0x0, 0x0, 0x0, 0x0, 0x0,
    0xbf, 0xff, 0xd0, 0x0, 0x0, 0x0, 0x0, 0x0,
    0xbf, 0xff, 0xd0, 0x0, 0x0, 0x0, 0x0, 0x0,
    0xbf, 0xff, 0xd0, 0x0, 0x0, 0x0, 0x0, 0x0,
    0xbf, 0xff, 0xd0, 0x0, 0x55, 0x40, 0x0, 0x0,
    0xbf, 0xff, 0xd0, 0x1f, 0xff, 0xfe, 0x0, 0x0,
    0xbf, 0xff, 0xd0, 0xff, 0xff, 0xff, 0xd0, 0x0,
    0xbf, 0xff, 0xd3, 0xff, 0xff, 0xff, 0xf8, 0x0,
    0xbf, 0xff, 0xdf, 0xff, 0xff, 0xff, 0xfd, 0x0,
    0xbf, 0xff, 0xff, 0xff, 0xff, 0xff, 0xff, 0x0,
    0xbf, 0xff, 0xff, 0xff, 0xff, 0xff, 0xff, 0xc0,
    0xbf, 0xff, 0xff, 0xfa, 0xbf, 0xff, 0xff, 0xd0,
    0xbf, 0xff, 0xff, 0x40, 0x3, 0xff, 0xff, 0xf0,
    0xbf, 0xff, 0xfc, 0x0, 0x0, 0xff, 0xff, 0xf0,
    0xbf, 0xff, 0xf4, 0x0, 0x0, 0x7f, 0xff, 0xf4,
    0xbf, 0xff, 0xf0, 0x0, 0x0, 0x3f, 0xff, 0xf8,
    0xbf, 0xff, 0xf0, 0x0, 0x0, 0x2f, 0xff, 0xf8,
    0xbf, 0xff, 0xe0, 0x0, 0x0, 0x1f, 0xff, 0xfc,
    0xbf, 0xff, 0xd0, 0x0, 0x0, 0x1f, 0xff, 0xfc,
    0xbf, 0xff, 0xd0, 0x0, 0x0, 0xf, 0xff, 0xfc,
    0xbf, 0xff, 0xd0, 0x0, 0x0, 0xf, 0xff, 0xfc,
    0xbf, 0xff, 0xd0, 0x0, 0x0, 0xf, 0xff, 0xfc,
    0xbf, 0xff, 0xd0, 0x0, 0x0, 0xf, 0xff, 0xfc,
    0xbf, 0xff, 0xe0, 0x0, 0x0, 0x1f, 0xff, 0xfc,
    0xbf, 0xff, 0xe0, 0x0, 0x0, 0x1f, 0xff, 0xfc,
    0xbf, 0xff, 0xf0, 0x0, 0x0, 0x2f, 0xff, 0xf8,
    0xbf, 0xff, 0xf0, 0x0, 0x0, 0x3f, 0xff, 0xf8,
    0xbf, 0xff, 0xf8, 0x0, 0x0, 0x7f, 0xff, 0xf4,
    0xbf, 0xff, 0xfd, 0x0, 0x0, 0xff, 0xff, 0xf0,
    0xbf, 0xff, 0xff, 0x40, 0x7, 0xff, 0xff, 0xe0,
    0xbf, 0xff, 0xff, 0xff, 0xff, 0xff, 0xff, 0xd0,
    0xbf, 0xff, 0xff, 0xff, 0xff, 0xff, 0xff, 0xc0,
    0xbf, 0xff, 0xff, 0xff, 0xff, 0xff, 0xff, 0x0,
    0xbf, 0xff, 0xff, 0xff, 0xff, 0xff, 0xfd, 0x0,
    0xbf, 0xff, 0x4b, 0xff, 0xff, 0xff, 0xf4, 0x0,
    0xbf, 0xff, 0x1, 0xff, 0xff, 0xff, 0xd0, 0x0,
    0xbf, 0xfe, 0x0, 0x2f, 0xff, 0xfd, 0x0, 0x0,
    0x0, 0x0, 0x0, 0x0, 0x55, 0x40, 0x0, 0x0,

    /* U+0063 "c" */
    0x0, 0x0, 0x0, 0x5, 0x55, 0x40, 0x0, 0x0,
    0x0, 0x6, 0xff, 0xff, 0xfe, 0x40, 0x0, 0x0,
    0xbf, 0xff, 0xff, 0xff, 0xf8, 0x0, 0x7, 0xff,
    0xff, 0xff, 0xff, 0xfc, 0x0, 0x2f, 0xff, 0xff,
    0xff, 0xff, 0xf8, 0x0, 0xbf, 0xff, 0xff, 0xff,
    0xff, 0xf0, 0x1, 0xff, 0xff, 0xff, 0xff, 0xff,
    0xf0, 0x3, 0xff, 0xff, 0xff, 0xaf, 0xff, 0xd0,
    0x7, 0xff, 0xff, 0xe0, 0x0, 0x1b, 0xc0, 0xf,
    0xff, 0xff, 0x40, 0x0, 0x0, 0x0, 0x1f, 0xff,
    0xfe, 0x0, 0x0, 0x0, 0x0, 0x2f, 0xff, 0xfc,
    0x0, 0x0, 0x0, 0x0, 0x3f, 0xff, 0xf8, 0x0,
    0x0, 0x0, 0x0, 0x3f, 0xff, 0xf4, 0x0, 0x0,
    0x0, 0x0, 0x3f, 0xff, 0xf0, 0x0, 0x0, 0x0,
    0x0, 0x3f, 0xff, 0xf0, 0x0, 0x0, 0x0, 0x0,
    0x3f, 0xff, 0xf0, 0x0, 0x0, 0x0, 0x0, 0x3f,
    0xff, 0xf0, 0x0, 0x0, 0x0, 0x0, 0x3f, 0xff,
    0xf0, 0x0, 0x0, 0x0, 0x0, 0x3f, 0xff, 0xf0,
    0x0, 0x0, 0x0, 0x0, 0x3f, 0xff, 0xf4, 0x0,
    0x0, 0x0, 0x0, 0x3f, 0xff, 0xf8, 0x0, 0x0,
    0x0, 0x0, 0x2f, 0xff, 0xfc, 0x0, 0x0, 0x0,
    0x0, 0x1f, 0xff, 0xfe, 0x0, 0x0, 0x0, 0x0,
    0xf, 0xff, 0xff, 0x40, 0x0, 0x0, 0x64, 0xb,
    0xff, 0xff, 0xe0, 0x0, 0x1b, 0xf4, 0x3, 0xff,
    0xff, 0xff, 0xef, 0xff, 0xf4, 0x2, 0xff, 0xff,
    0xff, 0xff, 0xff, 0xf4, 0x0, 0xff, 0xff, 0xff,
    0xff, 0xff, 0xf4, 0x0, 0x3f, 0xff, 0xff, 0xff,
    0xff, 0xf4, 0x0, 0xb, 0xff, 0xff, 0xff, 0xff,
    0xf4, 0x0, 0x1, 0xff, 0xff, 0xff, 0xff, 0xe0,
    0x0, 0x0, 0x1b, 0xff, 0xff, 0xf9, 0x0, 0x0,
    0x0, 0x0, 0x15, 0x55, 0x0, 0x0,

    /* U+0064 "d" */
    0x0, 0x0, 0x0, 0x0, 0x0, 0xb, 0xff, 0xfe,
    0x0, 0x0, 0x0, 0x0, 0x0, 0xb, 0xff, 0xfe,
    0x0, 0x0, 0x0, 0x0, 0x0, 0xb, 0xff, 0xfe,
    0x0, 0x0, 0x0, 0x0, 0x0, 0xb, 0xff, 0xfe,
    0x0, 0x0, 0x0, 0x0, 0x0, 0xb, 0xff, 0xfe,
    0x0, 0x0, 0x0, 0x0, 0x0, 0xb, 0xff, 0xfe,
    0x0, 0x0, 0x0, 0x0, 0x0, 0xb, 0xff, 0xfe,
    0x0, 0x0, 0x0, 0x0, 0x0, 0xb, 0xff, 0xfe,
    0x0, 0x0, 0x0, 0x0, 0x0, 0xb, 0xff, 0xfe,
    0x0, 0x0, 0x0, 0x0, 0x0, 0xb, 0xff, 0xfe,
    0x0, 0x0, 0x0, 0x0, 0x0, 0xb, 0xff, 0xfe,
    0x0, 0x0, 0x0, 0x0, 0x0, 0xb, 0xff, 0xfe,
    0x0, 0x0, 0x1, 0x55, 0x0, 0xb, 0xff, 0xfe,
    0x0, 0x0, 0xbf, 0xff, 0xf4, 0x7, 0xff, 0xfe,
    0x0, 0x7, 0xff, 0xff, 0xff, 0x7, 0xff, 0xfe,
    0x0, 0x2f, 0xff, 0xff, 0xff, 0xd7, 0xff, 0xfe,
    0x0, 0xbf, 0xff, 0xff, 0xff, 0xf7, 0xff, 0xfe,
    0x1, 0xff, 0xff, 0xff, 0xff, 0xff, 0xff, 0xfe,
    0x3, 0xff, 0xff, 0xff, 0xff, 0xff, 0xff, 0xfe,
    0x7, 0xff, 0xff, 0xff, 0xbf, 0xff, 0xff, 0xfe,
    0xf, 0xff, 0xff, 0xd0, 0x1, 0xff, 0xff, 0xfe,
    0xf, 0xff, 0xff, 0x0, 0x0, 0x3f, 0xff, 0xfe,
    0x1f, 0xff, 0xfd, 0x0, 0x0, 0xf, 0xff, 0xfe,
    0x2f, 0xff, 0xfc, 0x0, 0x0, 0xf, 0xff, 0xfe,
    0x3f, 0xff, 0xf8, 0x0, 0x0, 0x7, 0xff, 0xfe,
    0x3f, 0xff, 0xf4, 0x0, 0x0, 0x7, 0xff, 0xfe,
    0x3f, 0xff, 0xf0, 0x0, 0x0, 0x3, 0xff, 0xfe,
    0x3f, 0xff, 0xf0, 0x0, 0x0, 0x3, 0xff, 0xfe,
    0x3f, 0xff, 0xf0, 0x0, 0x0, 0x3, 0xff, 0xfe,
    0x3f, 0xff, 0xf0, 0x0, 0x0, 0x3, 0xff, 0xfe,
    0x3f, 0xff, 0xf0, 0x0, 0x0, 0x3, 0xff, 0xfe,
    0x3f, 0xff, 0xf0, 0x0, 0x0, 0x3, 0xff, 0xfe,
    0x3f, 0xff, 0xf4, 0x0, 0x0, 0x3, 0xff, 0xfe,
    0x3f, 0xff, 0xf8, 0x0, 0x0, 0x7, 0xff, 0xfe,
    0x2f, 0xff, 0xfc, 0x0, 0x0, 0xb, 0xff, 0xfe,
    0x1f, 0xff, 0xfd, 0x0, 0x0, 0xf, 0xff, 0xfe,
    0xf, 0xff, 0xff, 0x0, 0x0, 0x2f, 0xff, 0xfe,
    0xf, 0xff, 0xff, 0xd0, 0x0, 0xff, 0xff, 0xfe,
    0x7, 0xff, 0xff, 0xfe, 0xbf, 0xff, 0xff, 0xfe,
    0x3, 0xff, 0xff, 0xff, 0xff, 0xff, 0xff, 0xfe,
    0x1, 0xff, 0xff, 0xff, 0xff, 0xff, 0xff, 0xfe,
    0x0, 0xbf, 0xff, 0xff, 0xff, 0xf3, 0xff, 0xfe,
    0x0, 0x2f, 0xff, 0xff, 0xff, 0xc1, 0xff, 0xfe,
    0x0, 0x7, 0xff, 0xff, 0xfe, 0x0, 0xff, 0xfe,
    0x0, 0x0, 0xbf, 0xff, 0xf4, 0x0, 0xbf, 0xfe,
    0x0, 0x0, 0x1, 0x55, 0x0, 0x0, 0x0, 0x0,

    /* U+0065 "e" */
    0x0, 0x0, 0x0, 0x15, 0x55, 0x0, 0x0, 0x0,
    0x0, 0x0, 0xb, 0xff, 0xff, 0xf8, 0x0, 0x0,
    0x0, 0x0, 0xff, 0xff, 0xff, 0xff, 0x80, 0x0,
    0x0, 0xb, 0xff, 0xff, 0xff, 0xff, 0xf4, 0x0,
    0x0, 0x2f, 0xff, 0xff, 0xff, 0xff, 0xfd, 0x0,
    0x0, 0xbf, 0xff, 0xff, 0xff, 0xff, 0xff, 0x40,
    0x1, 0xff, 0xff, 0xff, 0xff, 0xff, 0xff, 0xc0,
    0x3, 0xff, 0xff, 0xe0, 0x1, 0xff, 0xff, 0xe0,
    0xb, 0xff, 0xff, 0x0, 0x0, 0x3f, 0xff, 0xf0,
    0xf, 0xff, 0xfd, 0x0, 0x0, 0x1f, 0xff, 0xf4,
    0x1f, 0xff, 0xfc, 0x0, 0x0, 0xf, 0xff, 0xf8,
    0x2f, 0xff, 0xf8, 0x0, 0x0, 0xb, 0xff, 0xfc,
    0x3f, 0xff, 0xf4, 0x0, 0x0, 0x7, 0xff, 0xfc,
    0x3f, 0xff, 0xff, 0xff, 0xff, 0xff, 0xff, 0xfc,
    0x3f, 0xff, 0xff, 0xff, 0xff, 0xff, 0xff, 0xfc,
    0x3f, 0xff, 0xff, 0xff, 0xff, 0xff, 0xff, 0xfc,
    0x3f, 0xff, 0xff, 0xff, 0xff, 0xff, 0xff, 0xfc,
    0x3f, 0xff, 0xff, 0xff, 0xff, 0xff, 0xff, 0xfc,
    0x3f, 0xff, 0xff, 0xff, 0xff, 0xff, 0xff, 0xfc,
    0x3f, 0xff, 0xf0, 0x0, 0x0, 0x0, 0x0, 0x0,
    0x3f, 0xff, 0xf0, 0x0, 0x0, 0x0, 0x0, 0x0,
    0x3f, 0xff, 0xf4, 0x0, 0x0, 0x0, 0x0, 0x0,
    0x2f, 0xff, 0xf8, 0x0, 0x0, 0x0, 0x0, 0x0,
    0x1f, 0xff, 0xfd, 0x0, 0x0, 0x0, 0x0, 0x0,
    0xf, 0xff, 0xff, 0x0, 0x0, 0x0, 0x0, 0x0,
    0x7, 0xff, 0xff, 0xd0, 0x0, 0x0, 0x7, 0xc0,
    0x3, 0xff, 0xff, 0xfe, 0x40, 0x16, 0xff, 0xc0,
    0x1, 0xff, 0xff, 0xff, 0xff, 0xff, 0xff, 0xc0,
    0x0, 0x7f, 0xff, 0xff, 0xff, 0xff, 0xff, 0xc0,
    0x0, 0x1f, 0xff, 0xff, 0xff, 0xff, 0xff, 0xc0,
    0x0, 0x7, 0xff, 0xff, 0xff, 0xff, 0xff, 0xc0,
    0x0, 0x0, 0xbf, 0xff, 0xff, 0xff, 0xff, 0x80,
    0x0, 0x0, 0x6, 0xff, 0xff, 0xff, 0xe4, 0x0,
    0x0, 0x0, 0x0, 0x5, 0x65, 0x50, 0x0, 0x0,

    /* U+0066 "f" */
    0x0, 0x0, 0x1, 0xbf, 0xff, 0xa4, 0x0, 0x0,
    0xb, 0xff, 0xff, 0xff, 0xe0, 0x0, 0xf, 0xff,
    0xff, 0xff, 0xf8, 0x0, 0xf, 0xff, 0xff, 0xff,
    0xfc, 0x0, 0xb, 0xff, 0xff, 0xff, 0xff, 0x0,
    0x3, 0xff, 0xff, 0xff, 0xff, 0x40, 0x1, 0xff,
    0xff, 0xff, 0xff, 0xc0, 0x0, 0xbf, 0xff, 0xf8,
    0x1, 0xa0, 0x0, 0x3f, 0xff, 0xf8, 0x0, 0x0,
    0x0, 0xf, 0xff, 0xfd, 0x0, 0x0, 0x0, 0x3,
    0xff, 0xff, 0x0, 0x0, 0x0, 0x0, 0xff, 0xff,
    0xc0, 0x0, 0x0, 0x0, 0x3f, 0xff, 0xf0, 0x0,
    0x0, 0x0, 0x2f, 0xff, 0xff, 0xff, 0xfc, 0x1,
    0xbf, 0xff, 0xff, 0xff, 0xff, 0x2, 0xff, 0xff,
    0xff, 0xff, 0xff, 0xc0, 0xff, 0xff, 0xff, 0xff,
    0xff, 0xf0, 0x3f, 0xff, 0xff, 0xff, 0xff, 0xfc,
    0xf, 0xff, 0xff, 0xff, 0xff, 0xff, 0x2, 0xaa,
    0xff, 0xff, 0xea, 0xaa, 0x80, 0x0, 0x3f, 0xff,
    0xf0, 0x0, 0x0, 0x0, 0xf, 0xff, 0xfc, 0x0,
    0x0, 0x0, 0x3, 0xff, 0xff, 0x0, 0x0, 0x0,
    0x0, 0xff, 0xff, 0xc0, 0x0, 0x0, 0x0, 0x3f,
    0xff, 0xf0, 0x0, 0x0, 0x0, 0xf, 0xff, 0xfc,
    0x0, 0x0, 0x0, 0x3, 0xff, 0xff, 0x0, 0x0,
    0x0, 0x0, 0xff, 0xff, 0xc0, 0x0, 0x0, 0x0,
    0x3f, 0xff, 0xf0, 0x0, 0x0, 0x0, 0xf, 0xff,
    0xfc, 0x0, 0x0, 0x0, 0x3, 0xff, 0xff, 0x0,
    0x0, 0x0, 0x0, 0xff, 0xff, 0xc0, 0x0, 0x0,
    0x0, 0x3f, 0xff, 0xf0, 0x0, 0x0, 0x0, 0xf,
    0xff, 0xfc, 0x0, 0x0, 0x0, 0x3, 0xff, 0xff,
    0x0, 0x0, 0x0, 0x0, 0xff, 0xff, 0xc0, 0x0,
    0x0, 0x0, 0x3f, 0xff, 0xf0, 0x0, 0x0, 0x0,
    0xf, 0xff, 0xfc, 0x0, 0x0, 0x0, 0x3, 0xff,
    0xff, 0x0, 0x0, 0x0, 0x0, 0xff, 0xff, 0xc0,
    0x0, 0x0, 0x0, 0x3f, 0xff, 0xf0, 0x0, 0x0,
    0x0, 0xf, 0xff, 0xfc, 0x0, 0x0, 0x0, 0x3,
    0xff, 0xff, 0x0, 0x0, 0x0, 0x0, 0xff, 0xff,
    0xc0, 0x0, 0x0, 0x0, 0x3f, 0xff, 0xf0, 0x0,
    0x0, 0x0,

    /* U+0067 "g" */
    0x0, 0x0, 0x1, 0x55, 0x0, 0x0, 0x0, 0x0,
    0x0, 0x0, 0xbf, 0xff, 0xf4, 0x0, 0xff, 0xfe,
    0x0, 0x7, 0xff, 0xff, 0xff, 0x1, 0xff, 0xfe,
    0x0, 0x2f, 0xff, 0xff, 0xff, 0xd2, 0xff, 0xfe,
    0x0, 0xbf, 0xff, 0xff, 0xff, 0xf7, 0xff, 0xfe,
    0x1, 0xff, 0xff, 0xff, 0xff, 0xff, 0xff, 0xfe,
    0x3, 0xff, 0xff, 0xff, 0xff, 0xff, 0xff, 0xfe,
    0x7, 0xff, 0xff, 0xfe, 0xaf, 0xff, 0xff, 0xfe,
    0xf, 0xff, 0xff, 0xc0, 0x0, 0xff, 0xff, 0xfe,
    0xf, 0xff, 0xff, 0x0, 0x0, 0x2f, 0xff, 0xfe,
    0x1f, 0xff, 0xfd, 0x0, 0x0, 0xf, 0xff, 0xfe,
    0x2f, 0xff, 0xfc, 0x0, 0x0, 0xb, 0xff, 0xfe,
    0x3f, 0xff, 0xf8, 0x0, 0x0, 0x7, 0xff, 0xfe,
    0x3f, 0xff, 0xf4, 0x0, 0x0, 0x3, 0xff, 0xfe,
    0x3f, 0xff, 0xf0, 0x0, 0x0, 0x3, 0xff, 0xfe,
    0x3f, 0xff, 0xf0, 0x0, 0x0, 0x3, 0xff, 0xfe,
    0x3f, 0xff, 0xf0, 0x0, 0x0, 0x3, 0xff, 0xfe,
    0x3f, 0xff, 0xf0, 0x0, 0x0, 0x3, 0xff, 0xfe,
    0x3f, 0xff, 0xf0, 0x0, 0x0, 0x3, 0xff, 0xfe,
    0x3f, 0xff, 0xf0, 0x0, 0x0, 0x3, 0xff, 0xfe,
    0x3f, 0xff, 0xf4, 0x0, 0x0, 0x3, 0xff, 0xfe,
    0x3f, 0xff, 0xf8, 0x0, 0x0, 0x3, 0xff, 0xfe,
    0x2f, 0xff, 0xfc, 0x0, 0x0, 0xb, 0xff, 0xfe,
    0x1f, 0xff, 0xfd, 0x0, 0x0, 0xf, 0xff, 0xfe,
    0xf, 0xff, 0xff, 0x0, 0x0, 0x2f, 0xff, 0xfe,
    0xf, 0xff, 0xff, 0xc0, 0x0, 0xbf, 0xff, 0xfe,
    0x7, 0xff, 0xff, 0xfe, 0xab, 0xff, 0xff, 0xfe,
    0x3, 0xff, 0xff, 0xff, 0xff, 0xff, 0xff, 0xfe,
    0x1, 0xff, 0xff, 0xff, 0xff, 0xff, 0xff, 0xfe,
    0x0, 0xbf, 0xff, 0xff, 0xff, 0xf7, 0xff, 0xfe,
    0x0, 0x2f, 0xff, 0xff, 0xff, 0xc7, 0xff, 0xfe,
    0x0, 0x7, 0xff, 0xff, 0xff, 0x7, 0xff, 0xfe,
    0x0, 0x0, 0xbf, 0xff, 0xf4, 0xb, 0xff, 0xfe,
    0x0, 0x0, 0x1, 0x55, 0x0, 0xb, 0xff, 0xfe,
    0x0, 0x0, 0x0, 0x0, 0x0, 0xb, 0xff, 0xfd,
    0x0, 0x0, 0x0, 0x0, 0x0, 0xf, 0xff, 0xfd,
    0x0, 0x0, 0x0, 0x0, 0x0, 0xf, 0xff, 0xfd,
    0x0, 0x0, 0x0, 0x0, 0x0, 0x3f, 0xff, 0xfc,
    0x7, 0xd0, 0x0, 0x0, 0x0, 0xbf, 0xff, 0xfc,
    0x7, 0xff, 0x94, 0x0, 0x1b, 0xff, 0xff, 0xf4,
    0x7, 0xff, 0xff, 0xff, 0xff, 0xff, 0xff, 0xf0,
    0x7, 0xff, 0xff, 0xff, 0xff, 0xff, 0xff, 0xd0,
    0x7, 0xff, 0xff, 0xff, 0xff, 0xff, 0xff, 0x40,
    0x7, 0xff, 0xff, 0xff, 0xff, 0xff, 0xfd, 0x0,
    0x7, 0xff, 0xff, 0xff, 0xff, 0xff, 0xf0, 0x0,
    0x1, 0xbf, 0xff, 0xff, 0xff, 0xfe, 0x40, 0x0,
    0x0, 0x1, 0xaf, 0xff, 0xfe, 0x90, 0x0, 0x0,

    /* U+0068 "h" */
    0xbf, 0xff, 0xd0, 0x0, 0x0, 0x0, 0x0, 0x2,
    0xff, 0xff, 0x40, 0x0, 0x0, 0x0, 0x0, 0xb,
    0xff, 0xfd, 0x0, 0x0, 0x0, 0x0, 0x0, 0x2f,
    0xff, 0xf4, 0x0, 0x0, 0x0, 0x0, 0x0, 0xbf,
    0xff, 0xd0, 0x0, 0x0, 0x0, 0x0, 0x2, 0xff,
    0xff, 0x40, 0x0, 0x0, 0x0, 0x0, 0xb, 0xff,
    0xfd, 0x0, 0x0, 0x0, 0x0, 0x0, 0x2f, 0xff,
    0xf4, 0x0, 0x0, 0x0, 0x0, 0x0, 0xbf, 0xff,
    0xd0, 0x0, 0x0, 0x0, 0x0, 0x2, 0xff, 0xff,
    0x40, 0x0, 0x0, 0x0, 0x0, 0xb, 0xff, 0xfd,
    0x0, 0x0, 0x0, 0x0, 0x0, 0x2f, 0xff, 0xf4,
    0x0, 0x0, 0x0, 0x0, 0x0, 0xbf, 0xff, 0xd0,
    0x0, 0x55, 0x50, 0x0, 0x2, 0xff, 0xff, 0x40,
    0x6f, 0xff, 0xfe, 0x0, 0xb, 0xff, 0xfd, 0xf,
    0xff, 0xff, 0xff, 0x40, 0x2f, 0xff, 0xf0, 0xff,
    0xff, 0xff, 0xff, 0x80, 0xbf, 0xff, 0xcf, 0xff,
    0xff, 0xff, 0xff, 0x82, 0xff, 0xff, 0xff, 0xff,
    0xff, 0xff, 0xff, 0x4b, 0xff, 0xff, 0xff, 0xff,
    0xff, 0xff, 0xfe, 0x2f, 0xff, 0xff, 0xff, 0xab,
    0xff, 0xff, 0xfc, 0xbf, 0xff, 0xff, 0x80, 0x1,
    0xff, 0xff, 0xf6, 0xff, 0xff, 0xf8, 0x0, 0x1,
    0xff, 0xff, 0xeb, 0xff, 0xff, 0xc0, 0x0, 0x3,
    0xff, 0xff, 0xaf, 0xff, 0xfd, 0x0, 0x0, 0xb,
    0xff, 0xfe, 0xbf, 0xff, 0xf0, 0x0, 0x0, 0x1f,
    0xff, 0xfa, 0xff, 0xff, 0xc0, 0x0, 0x0, 0x7f,
    0xff, 0xeb, 0xff, 0xfe, 0x0, 0x0, 0x1, 0xff,
    0xff, 0xaf, 0xff, 0xf8, 0x0, 0x0, 0x7, 0xff,
    0xfe, 0xbf, 0xff, 0xd0, 0x0, 0x0, 0x1f, 0xff,
    0xfa, 0xff, 0xff, 0x40, 0x0, 0x0, 0x7f, 0xff,
    0xeb, 0xff, 0xfd, 0x0, 0x0, 0x1, 0xff, 0xff,
    0xaf, 0xff, 0xf4, 0x0, 0x0, 0x7, 0xff, 0xfe,
    0xbf, 0xff, 0xd0, 0x0, 0x0, 0x1f, 0xff, 0xfa,
    0xff, 0xff, 0x40, 0x0, 0x0, 0x7f, 0xff, 0xeb,
    0xff, 0xfd, 0x0, 0x0, 0x1, 0xff, 0xff, 0xaf,
    0xff, 0xf4, 0x0, 0x0, 0x7, 0xff, 0xfe, 0xbf,
    0xff, 0xd0, 0x0, 0x0, 0x1f, 0xff, 0xfa, 0xff,
    0xff, 0x40, 0x0, 0x0, 0x7f, 0xff, 0xeb, 0xff,
    0xfd, 0x0, 0x0, 0x1, 0xff, 0xff, 0xaf, 0xff,
    0xf4, 0x0, 0x0, 0x7, 0xff, 0xfe, 0xbf, 0xff,
    0xd0, 0x0, 0x0, 0x1f, 0xff, 0xfa, 0xff, 0xff,
    0x40, 0x0, 0x0, 0x7f, 0xff, 0xeb, 0xff, 0xfd,
    0x0, 0x0, 0x1, 0xff, 0xff, 0xaf, 0xff, 0xf4,
    0x0, 0x0, 0x7, 0xff, 0xfe, 0xbf, 0xff, 0xd0,
    0x0, 0x0, 0x1f, 0xff, 0xf8,

    /* U+0069 "i" */
    0xb, 0xfe, 0x3, 0xff, 0xfc, 0xbf, 0xff, 0xef,
    0xff, 0xff, 0xff, 0xff, 0xff, 0xff, 0xff, 0xbf,
    0xff, 0xe2, 0xff, 0xf8, 0x6, 0xa9, 0x0, 0x0,
    0x0, 0x0, 0x0, 0x0, 0x0, 0x0, 0x0, 0x0,
    0xb, 0xff, 0xfe, 0xbf, 0xff, 0xeb, 0xff, 0xfe,
    0xbf, 0xff, 0xeb, 0xff, 0xfe, 0xbf, 0xff, 0xeb,
    0xff, 0xfe, 0xbf, 0xff, 0xeb, 0xff, 0xfe, 0xbf,
    0xff, 0xeb, 0xff, 0xfe, 0xbf, 0xff, 0xeb, 0xff,
    0xfe, 0xbf, 0xff, 0xeb, 0xff, 0xfe, 0xbf, 0xff,
    0xeb, 0xff, 0xfe, 0xbf, 0xff, 0xeb, 0xff, 0xfe,
    0xbf, 0xff, 0xeb, 0xff, 0xfe, 0xbf, 0xff, 0xeb,
    0xff, 0xfe, 0xbf, 0xff, 0xeb, 0xff, 0xfe, 0xbf,
    0xff, 0xeb, 0xff, 0xfe, 0xbf, 0xff, 0xeb, 0xff,
    0xfe, 0xbf, 0xff, 0xeb, 0xff, 0xfe, 0xbf, 0xff,
    0xe0,

    /* U+006A "j" */
    0x0, 0x0, 0xb, 0xfe, 0x0, 0x0, 0x3, 0xff,
    0xfc, 0x0, 0x0, 0xbf, 0xff, 0xe0, 0x0, 0xf,
    0xff, 0xff, 0x0, 0x0, 0xff, 0xff, 0xf0, 0x0,
    0xf, 0xff, 0xff, 0x0, 0x0, 0xbf, 0xff, 0xe0,
    0x0, 0x3, 0xff, 0xf8, 0x0, 0x0, 0x6, 0xa8,
    0x0, 0x0, 0x0, 0x0, 0x0, 0x0, 0x0, 0x0,
    0x0, 0x0, 0x0, 0x0, 0x0, 0x0, 0x0, 0x0,
    0x0, 0x0, 0x0, 0x0, 0xb, 0xff, 0xfd, 0x0,
    0x0, 0xbf, 0xff, 0xd0, 0x0, 0xb, 0xff, 0xfd,
    0x0, 0x0, 0xbf, 0xff, 0xd0, 0x0, 0xb, 0xff,
    0xfd, 0x0, 0x0, 0xbf, 0xff, 0xd0, 0x0, 0xb,
    0xff, 0xfd, 0x0, 0x0, 0xbf, 0xff, 0xd0, 0x0,
    0xb, 0xff, 0xfd, 0x0, 0x0, 0xbf, 0xff, 0xd0,
    0x0, 0xb, 0xff, 0xfd, 0x0, 0x0, 0xbf, 0xff,
    0xd0, 0x0, 0xb, 0xff, 0xfd, 0x0, 0x0, 0xbf,
    0xff, 0xd0, 0x0, 0xb, 0xff, 0xfd, 0x0, 0x0,
    0xbf, 0xff, 0xd0, 0x0, 0xb, 0xff, 0xfd, 0x0,
    0x0, 0xbf, 0xff, 0xd0, 0x0, 0xb, 0xff, 0xfd,
    0x0, 0x0, 0xbf, 0xff, 0xd0, 0x0, 0xb, 0xff,
    0xfd, 0x0, 0x0, 0xbf, 0xff, 0xd0, 0x0, 0xb,
    0xff, 0xfd, 0x0, 0x0, 0xbf, 0xff, 0xd0, 0x0,
    0xb, 0xff, 0xfd, 0x0, 0x0, 0xbf, 0xff, 0xd0,
    0x0, 0xb, 0xff, 0xfd, 0x0, 0x0, 0xbf, 0xff,
    0xd0, 0x0, 0xb, 0xff, 0xfd, 0x0, 0x0, 0xbf,
    0xff, 0xd0, 0x0, 0xb, 0xff, 0xfd, 0x0, 0x0,
    0xbf, 0xff, 0xd0, 0x0, 0xb, 0xff, 0xfd, 0x0,
    0x0, 0xbf, 0xff, 0xd0, 0x0, 0xb, 0xff, 0xfd,
    0x0, 0x0, 0xbf, 0xff, 0xd0, 0x0, 0xf, 0xff,
    0xfd, 0x0, 0x1, 0xff, 0xff, 0xd2, 0x51, 0xbf,
    0xff, 0xfc, 0x3f, 0xff, 0xff, 0xff, 0xc3, 0xff,
    0xff, 0xff, 0xf4, 0x3f, 0xff, 0xff, 0xff, 0x3,
    0xff, 0xff, 0xff, 0xd0, 0x3f, 0xff, 0xff, 0xf4,
    0x3, 0xff, 0xff, 0xfc, 0x0, 0x1b, 0xff, 0xe8,
    0x0, 0x0,

    /* U+006B "k" */
    0x7f, 0xff, 0xe0, 0x0, 0x0, 0x0, 0x0, 0x0,
    0x7, 0xff, 0xfe, 0x0, 0x0, 0x0, 0x0, 0x0,
    0x0, 0x7f, 0xff, 0xe0, 0x0, 0x0, 0x0, 0x0,
    0x0, 0x7, 0xff, 0xfe, 0x0, 0x0, 0x0, 0x0,
    0x0, 0x0, 0x7f, 0xff, 0xe0, 0x0, 0x0, 0x0,
    0x0, 0x0, 0x7, 0xff, 0xfe, 0x0, 0x0, 0x0,
    0x0, 0x0, 0x0, 0x7f, 0xff, 0xe0, 0x0, 0x0,
    0x0, 0x0, 0x0, 0x7, 0xff, 0xfe, 0x0, 0x0,
    0x0, 0x0, 0x0, 0x0, 0x7f, 0xff, 0xe0, 0x0,
    0x0, 0x0, 0x0, 0x0, 0x7, 0xff, 0xfe, 0x0,
    0x0, 0x0, 0x0, 0x0, 0x0, 0x7f, 0xff, 0xe0,
    0x0, 0x0, 0x0, 0x0, 0x0, 0x7, 0xff, 0xfe,
    0x0, 0x0, 0x0, 0x0, 0x0, 0x0, 0x7f, 0xff,
    0xe0, 0x0, 0x0, 0x0, 0x0, 0x0, 0x7, 0xff,
    0xfe, 0x0, 0x0, 0x0, 0xff, 0xff, 0xf0, 0x7f,
    0xff, 0xe0, 0x0, 0x0, 0x3f, 0xff, 0xfc, 0x7,
    0xff, 0xfe, 0x0, 0x0, 0xf, 0xff, 0xff, 0x0,
    0x7f, 0xff, 0xe0, 0x0, 0x3, 0xff, 0xff, 0xc0,
    0x7, 0xff, 0xfe, 0x0, 0x0, 0xff, 0xff, 0xf0,
    0x0, 0x7f, 0xff, 0xe0, 0x0, 0x3f, 0xff, 0xfd,
    0x0, 0x7, 0xff, 0xfe, 0x0, 0xf, 0xff, 0xff,
    0x40, 0x0, 0x7f, 0xff, 0xe0, 0x2, 0xff, 0xff,
    0xd0, 0x0, 0x7, 0xff, 0xfe, 0x0, 0xbf, 0xff,
    0xf4, 0x0, 0x0, 0x7f, 0xff, 0xe0, 0x2f, 0xff,
    0xfe, 0x0, 0x0, 0x7, 0xff, 0xfd, 0xb, 0xff,
    0xff, 0x80, 0x0, 0x0, 0x7f, 0xff, 0xd1, 0xff,
    0xff, 0xe0, 0x0, 0x0, 0x7, 0xff, 0xfd, 0x3f,
    0xff, 0xf8, 0x0, 0x0, 0x0, 0x7f, 0xff, 0xdf,
    0xff, 0xff, 0x0, 0x0, 0x0, 0x7, 0xff, 0xff,
    0xff, 0xff, 0xf0, 0x0, 0x0, 0x0, 0x7f, 0xff,
    0xff, 0xff, 0xff, 0x80, 0x0, 0x0, 0x7, 0xff,
    0xff, 0xff, 0xff, 0xfd, 0x0, 0x0, 0x0, 0x7f,
    0xff, 0xff, 0xff, 0xff, 0xf0, 0x0, 0x0, 0x7,
    0xff, 0xff, 0xff, 0xff, 0xff, 0xc0, 0x0, 0x0,
    0x7f, 0xff, 0xff, 0xdf, 0xff, 0xfe, 0x0, 0x0,
    0x7, 0xff, 0xff, 0xe0, 0x7f, 0xff, 0xf4, 0x0,
    0x0, 0x7f, 0xff, 0xf4, 0x3, 0xff, 0xff, 0xc0,
    0x0, 0x7, 0xff, 0xfe, 0x0, 0xf, 0xff, 0xff,
    0x0, 0x0, 0x7f, 0xff, 0xe0, 0x0, 0x7f, 0xff,
    0xf8, 0x0, 0x7, 0xff, 0xfe, 0x0, 0x2, 0xff,
    0xff, 0xd0, 0x0, 0x7f, 0xff, 0xe0, 0x0, 0xf,
    0xff, 0xff, 0x40, 0x7, 0xff, 0xfe, 0x0, 0x0,
    0x3f, 0xff, 0xfc, 0x0, 0x7f, 0xff, 0xe0, 0x0,
    0x1, 0xff, 0xff, 0xf0, 0x7, 0xff, 0xfe, 0x0,
    0x0, 0xb, 0xff, 0xff, 0x80, 0x7f, 0xff, 0xe0,
    0x0, 0x0, 0x3f, 0xff, 0xfd, 0x7, 0xff, 0xfe,
    0x0, 0x0, 0x0, 0xff, 0xff, 0xf0, 0x7f, 0xff,
    0xe0, 0x0, 0x0, 0x7, 0xff, 0xff, 0xc0,

    /* U+006C "l" */
    0xbf, 0xff, 0xdb, 0xff, 0xfd, 0xbf, 0xff, 0xdb,
    0xff, 0xfd, 0xbf, 0xff, 0xdb, 0xff, 0xfd, 0xbf,
    0xff, 0xdb, 0xff, 0xfd, 0xbf, 0xff, 0xdb, 0xff,
    0xfd, 0xbf, 0xff, 0xdb, 0xff, 0xfd, 0xbf, 0xff,
    0xdb, 0xff, 0xfd, 0xbf, 0xff, 0xdb, 0xff, 0xfd,
    0xbf, 0xff, 0xdb, 0xff, 0xfd, 0xbf, 0xff, 0xdb,
    0xff, 0xfd, 0xbf, 0xff, 0xdb, 0xff, 0xfd, 0xbf,
    0xff, 0xdb, 0xff, 0xfd, 0xbf, 0xff, 0xdb, 0xff,
    0xfd, 0xbf, 0xff, 0xdb, 0xff, 0xfd, 0xbf, 0xff,
    0xdb, 0xff, 0xfd, 0xbf, 0xff, 0xdb, 0xff, 0xfd,
    0xbf, 0xff, 0xdb, 0xff, 0xfd, 0xbf, 0xff, 0xdb,
    0xff, 0xfd, 0xbf, 0xff, 0xdb, 0xff, 0xfd, 0xbf,
    0xff, 0xdb, 0xff, 0xfd, 0xbf, 0xff, 0xdb, 0xff,
    0xfd, 0xbf, 0xff, 0xdb, 0xff, 0xfd, 0xbf, 0xff,
    0xd0,

    /* U+006D "m" */
    0x0, 0x0, 0x0, 0x0, 0x55, 0x50, 0x0, 0x0,
    0x0, 0x55, 0x50, 0x0, 0x2, 0xff, 0xf4, 0x0,
    0xbf, 0xff, 0xfd, 0x0, 0x0, 0x7f, 0xff, 0xfe,
    0x0, 0xb, 0xff, 0xf0, 0x1f, 0xff, 0xff, 0xff,
    0x0, 0x1f, 0xff, 0xff, 0xff, 0x40, 0x2f, 0xff,
    0xc2, 0xff, 0xff, 0xff, 0xff, 0x41, 0xff, 0xff,
    0xff, 0xff, 0x80, 0xbf, 0xff, 0x6f, 0xff, 0xff,
    0xff, 0xff, 0x1f, 0xff, 0xff, 0xff, 0xff, 0x42,
    0xff, 0xff, 0xff, 0xff, 0xff, 0xff, 0xff, 0xff,
    0xff, 0xff, 0xff, 0xff, 0xb, 0xff, 0xff, 0xff,
    0xff, 0xff, 0xff, 0xff, 0xff, 0xff, 0xff, 0xff,
    0xfd, 0x2f, 0xff, 0xff, 0xfe, 0xaf, 0xff, 0xff,
    0xff, 0xff, 0xaf, 0xff, 0xff, 0xf8, 0xbf, 0xff,
    0xff, 0x40, 0x7, 0xff, 0xff, 0xff, 0x80, 0x2,
    0xff, 0xff, 0xf2, 0xff, 0xff, 0xf4, 0x0, 0x7,
    0xff, 0xff, 0xf8, 0x0, 0x3, 0xff, 0xff, 0xcb,
    0xff, 0xff, 0x80, 0x0, 0xf, 0xff, 0xff, 0xc0,
    0x0, 0x7, 0xff, 0xff, 0x2f, 0xff, 0xfd, 0x0,
    0x0, 0x2f, 0xff, 0xfe, 0x0, 0x0, 0xf, 0xff,
    0xfc, 0xbf, 0xff, 0xf0, 0x0, 0x0, 0x7f, 0xff,
    0xf4, 0x0, 0x0, 0x3f, 0xff, 0xf2, 0xff, 0xff,
    0xc0, 0x0, 0x1, 0xff, 0xff, 0xc0, 0x0, 0x0,
    0xff, 0xff, 0xcb, 0xff, 0xfe, 0x0, 0x0, 0x3,
    0xff, 0xff, 0x0, 0x0, 0x3, 0xff, 0xff, 0x2f,
    0xff, 0xf8, 0x0, 0x0, 0xf, 0xff, 0xfc, 0x0,
    0x0, 0xf, 0xff, 0xfc, 0xbf, 0xff, 0xd0, 0x0,
    0x0, 0x3f, 0xff, 0xf0, 0x0, 0x0, 0x3f, 0xff,
    0xf2, 0xff, 0xff, 0x40, 0x0, 0x0, 0xff, 0xff,
    0xc0, 0x0, 0x0, 0xff, 0xff, 0xcb, 0xff, 0xfd,
    0x0, 0x0, 0x3, 0xff, 0xff, 0x0, 0x0, 0x3,
    0xff, 0xff, 0x2f, 0xff, 0xf4, 0x0, 0x0, 0xf,
    0xff, 0xfc, 0x0, 0x0, 0xf, 0xff, 0xfc, 0xbf,
    0xff, 0xd0, 0x0, 0x0, 0x3f, 0xff, 0xf0, 0x0,
    0x0, 0x3f, 0xff, 0xf2, 0xff, 0xff, 0x40, 0x0,
    0x0, 0xff, 0xff, 0xc0, 0x0, 0x0, 0xff, 0xff,
    0xcb, 0xff, 0xfd, 0x0, 0x0, 0x3, 0xff, 0xff,
    0x0, 0x0, 0x3, 0xff, 0xff, 0x2f, 0xff, 0xf4,
    0x0, 0x0, 0xf, 0xff, 0xfc, 0x0, 0x0, 0xf,
    0xff, 0xfc, 0xbf, 0xff, 0xd0, 0x0, 0x0, 0x3f,
    0xff, 0xf0, 0x0, 0x0, 0x3f, 0xff, 0xf2, 0xff,
    0xff, 0x40, 0x0, 0x0, 0xff, 0xff, 0xc0, 0x0,
    0x0, 0xff, 0xff, 0xcb, 0xff, 0xfd, 0x0, 0x0,
    0x3, 0xff, 0xff, 0x0, 0x0, 0x3, 0xff, 0xff,
    0x2f, 0xff, 0xf4, 0x0, 0x0, 0xf, 0xff, 0xfc,
    0x0, 0x0, 0xf, 0xff, 0xfc, 0xbf, 0xff, 0xd0,
    0x0, 0x0, 0x3f, 0xff, 0xf0, 0x0, 0x0, 0x3f,
    0xff, 0xf2, 0xff, 0xff, 0x40, 0x0, 0x0, 0xff,
    0xff, 0xc0, 0x0, 0x0, 0xff, 0xff, 0xcb, 0xff,
    0xfd, 0x0, 0x0, 0x3, 0xff, 0xff, 0x0, 0x0,
    0x3, 0xff, 0xff, 0x2f, 0xff, 0xf4, 0x0, 0x0,
    0xf, 0xff, 0xfc, 0x0, 0x0, 0xf, 0xff, 0xfc,
    0xbf, 0xff, 0xd0, 0x0, 0x0, 0x3f, 0xff, 0xf0,
    0x0, 0x0, 0x3f, 0xff, 0xf0,

    /* U+006E "n" */
    0x0, 0x0, 0x0, 0x0, 0x55, 0x50, 0x0, 0x2,
    0xff, 0xf4, 0x0, 0x7f, 0xff, 0xfe, 0x0, 0xb,
    0xff, 0xf0, 0xf, 0xff, 0xff, 0xff, 0x80, 0x2f,
    0xff, 0xc1, 0xff, 0xff, 0xff, 0xff, 0xc0, 0xbf,
    0xff, 0x5f, 0xff, 0xff, 0xff, 0xff, 0x82, 0xff,
    0xff, 0xff, 0xff, 0xff, 0xff, 0xff, 0x4b, 0xff,
    0xff, 0xff, 0xff, 0xff, 0xff, 0xff, 0x2f, 0xff,
    0xff, 0xff, 0xab, 0xff, 0xff, 0xfc, 0xbf, 0xff,
    0xff, 0x80, 0x1, 0xff, 0xff, 0xf6, 0xff, 0xff,
    0xf8, 0x0, 0x1, 0xff, 0xff, 0xeb, 0xff, 0xff,
    0xc0, 0x0, 0x3, 0xff, 0xff, 0xaf, 0xff, 0xfd,
    0x0, 0x0, 0xb, 0xff, 0xfe, 0xbf, 0xff, 0xf0,
    0x0, 0x0, 0x1f, 0xff, 0xfa, 0xff, 0xff, 0xc0,
    0x0, 0x0, 0x7f, 0xff, 0xeb, 0xff, 0xfe, 0x0,
    0x0, 0x1, 0xff, 0xff, 0xaf, 0xff, 0xf8, 0x0,
    0x0, 0x7, 0xff, 0xfe, 0xbf, 0xff, 0xd0, 0x0,
    0x0, 0x1f, 0xff, 0xfa, 0xff, 0xff, 0x40, 0x0,
    0x0, 0x7f, 0xff, 0xeb, 0xff, 0xfd, 0x0, 0x0,
    0x1, 0xff, 0xff, 0xaf, 0xff, 0xf4, 0x0, 0x0,
    0x7, 0xff, 0xfe, 0xbf, 0xff, 0xd0, 0x0, 0x0,
    0x1f, 0xff, 0xfa, 0xff, 0xff, 0x40, 0x0, 0x0,
    0x7f, 0xff, 0xeb, 0xff, 0xfd, 0x0, 0x0, 0x1,
    0xff, 0xff, 0xaf, 0xff, 0xf4, 0x0, 0x0, 0x7,
    0xff, 0xfe, 0xbf, 0xff, 0xd0, 0x0, 0x0, 0x1f,
    0xff, 0xfa, 0xff, 0xff, 0x40, 0x0, 0x0, 0x7f,
    0xff, 0xeb, 0xff, 0xfd, 0x0, 0x0, 0x1, 0xff,
    0xff, 0xaf, 0xff, 0xf4, 0x0, 0x0, 0x7, 0xff,
    0xfe, 0xbf, 0xff, 0xd0, 0x0, 0x0, 0x1f, 0xff,
    0xfa, 0xff, 0xff, 0x40, 0x0, 0x0, 0x7f, 0xff,
    0xeb, 0xff, 0xfd, 0x0, 0x0, 0x1, 0xff, 0xff,
    0xaf, 0xff, 0xf4, 0x0, 0x0, 0x7, 0xff, 0xfe,
    0xbf, 0xff, 0xd0, 0x0, 0x0, 0x1f, 0xff, 0xf8,

    /* U+006F "o" */
    0x0, 0x0, 0x0, 0x15, 0x55, 0x0, 0x0, 0x0,
    0x0, 0x0, 0x2, 0xff, 0xff, 0xfe, 0x40, 0x0,
    0x0, 0x0, 0xb, 0xff, 0xff, 0xff, 0xfd, 0x0,
    0x0, 0x0, 0x1f, 0xff, 0xff, 0xff, 0xff, 0xe0,
    0x0, 0x0, 0x2f, 0xff, 0xff, 0xff, 0xff, 0xff,
    0x0, 0x0, 0x2f, 0xff, 0xff, 0xff, 0xff, 0xff,
    0xf0, 0x0, 0x1f, 0xff, 0xff, 0xff, 0xff, 0xff,
    0xfe, 0x0, 0xf, 0xff, 0xff, 0xe5, 0x6f, 0xff,
    0xff, 0xd0, 0xb, 0xff, 0xff, 0xc0, 0x0, 0x7f,
    0xff, 0xfc, 0x3, 0xff, 0xff, 0xc0, 0x0, 0x7,
    0xff, 0xff, 0x41, 0xff, 0xff, 0xd0, 0x0, 0x0,
    0xff, 0xff, 0xe0, 0xbf, 0xff, 0xf0, 0x0, 0x0,
    0x1f, 0xff, 0xfc, 0x3f, 0xff, 0xf8, 0x0, 0x0,
    0x3, 0xff, 0xff, 0xf, 0xff, 0xfd, 0x0, 0x0,
    0x0, 0xff, 0xff, 0xd3, 0xff, 0xff, 0x0, 0x0,
    0x0, 0x3f, 0xff, 0xf8, 0xff, 0xff, 0xc0, 0x0,
    0x0, 0xb, 0xff, 0xfe, 0x3f, 0xff, 0xf0, 0x0,
    0x0, 0x2, 0xff, 0xff, 0x8f, 0xff, 0xfc, 0x0,
    0x0, 0x0, 0xbf, 0xff, 0xe3, 0xff, 0xff, 0x0,
    0x0, 0x0, 0x2f, 0xff, 0xf8, 0xff, 0xff, 0xc0,
    0x0, 0x0, 0xf, 0xff, 0xfd, 0x3f, 0xff, 0xf4,
    0x0, 0x0, 0x3, 0xff, 0xff, 0x4b, 0xff, 0xfe,
    0x0, 0x0, 0x0, 0xff, 0xff, 0xc1, 0xff, 0xff,
    0xc0, 0x0, 0x0, 0x7f, 0xff, 0xf0, 0x3f, 0xff,
    0xf4, 0x0, 0x0, 0x3f, 0xff, 0xf8, 0xf, 0xff,
    0xff, 0x0, 0x0, 0x1f, 0xff, 0xfd, 0x1, 0xff,
    0xff, 0xf0, 0x0, 0x1f, 0xff, 0xff, 0x0, 0x2f,
    0xff, 0xff, 0x95, 0xbf, 0xff, 0xff, 0x40, 0x3,
    0xff, 0xff, 0xff, 0xff, 0xff, 0xff, 0x80, 0x0,
    0x7f, 0xff, 0xff, 0xff, 0xff, 0xff, 0xc0, 0x0,
    0x7, 0xff, 0xff, 0xff, 0xff, 0xff, 0xc0, 0x0,
    0x0, 0x3f, 0xff, 0xff, 0xff, 0xff, 0x80, 0x0,
    0x0, 0x2, 0xff, 0xff, 0xff, 0xff, 0x40, 0x0,
    0x0, 0x0, 0x7, 0xff, 0xff, 0xf9, 0x0, 0x0,
    0x0, 0x0, 0x0, 0x5, 0x55, 0x40, 0x0, 0x0,
    0x0,

    /* U+0070 "p" */
    0x0, 0x0, 0x0, 0x0, 0x55, 0x40, 0x0, 0x0,
    0xbf, 0xff, 0x0, 0x1f, 0xff, 0xfe, 0x0, 0x0,
    0xbf, 0xff, 0x0, 0xff, 0xff, 0xff, 0xd0, 0x0,
    0xbf, 0xff, 0x43, 0xff, 0xff, 0xff, 0xf8, 0x0,
    0xbf, 0xff, 0xcf, 0xff, 0xff, 0xff, 0xfe, 0x0,
    0xbf, 0xff, 0xff, 0xff, 0xff, 0xff, 0xff, 0x40,
    0xbf, 0xff, 0xff, 0xff, 0xff, 0xff, 0xff, 0xc0,
    0xbf, 0xff, 0xff, 0xfa, 0xbf, 0xff, 0xff, 0xd0,
    0xbf, 0xff, 0xff, 0x40, 0x7, 0xff, 0xff, 0xf0,
    0xbf, 0xff, 0xfc, 0x0, 0x0, 0xff, 0xff, 0xf0,
    0xbf, 0xff, 0xf4, 0x0, 0x0, 0x7f, 0xff, 0xf4,
    0xbf, 0xff, 0xf0, 0x0, 0x0, 0x3f, 0xff, 0xf8,
    0xbf, 0xff, 0xf0, 0x0, 0x0, 0x2f, 0xff, 0xf8,
    0xbf, 0xff, 0xe0, 0x0, 0x0, 0x1f, 0xff, 0xfc,
    0xbf, 0xff, 0xe0, 0x0, 0x0, 0x1f, 0xff, 0xfc,
    0xbf, 0xff, 0xd0, 0x0, 0x0, 0xf, 0xff, 0xfc,
    0xbf, 0xff, 0xd0, 0x0, 0x0, 0xf, 0xff, 0xfc,
    0xbf, 0xff, 0xd0, 0x0, 0x0, 0xf, 0xff, 0xfc,
    0xbf, 0xff, 0xd0, 0x0, 0x0, 0xf, 0xff, 0xfc,
    0xbf, 0xff, 0xe0, 0x0, 0x0, 0x1f, 0xff, 0xfc,
    0xbf, 0xff, 0xe0, 0x0, 0x0, 0x1f, 0xff, 0xfc,
    0xbf, 0xff, 0xf0, 0x0, 0x0, 0x2f, 0xff, 0xf8,
    0xbf, 0xff, 0xf0, 0x0, 0x0, 0x3f, 0xff, 0xf8,
    0xbf, 0xff, 0xf8, 0x0, 0x0, 0x7f, 0xff, 0xf4,
    0xbf, 0xff, 0xfd, 0x0, 0x0, 0xff, 0xff, 0xf0,
    0xbf, 0xff, 0xff, 0x80, 0x7, 0xff, 0xff, 0xe0,
    0xbf, 0xff, 0xff, 0xfe, 0xff, 0xff, 0xff, 0xc0,
    0xbf, 0xff, 0xff, 0xff, 0xff, 0xff, 0xff, 0x80,
    0xbf, 0xff, 0xff, 0xff, 0xff, 0xff, 0xff, 0x0,
    0xbf, 0xff, 0xef, 0xff, 0xff, 0xff, 0xfd, 0x0,
    0xbf, 0xff, 0xcb, 0xff, 0xff, 0xff, 0xf4, 0x0,
    0xbf, 0xff, 0xd1, 0xff, 0xff, 0xff, 0xd0, 0x0,
    0xbf, 0xff, 0xd0, 0x2f, 0xff, 0xfd, 0x0, 0x0,
    0xbf, 0xff, 0xd0, 0x0, 0x55, 0x40, 0x0, 0x0,
    0xbf, 0xff, 0xd0, 0x0, 0x0, 0x0, 0x0, 0x0,
    0xbf, 0xff, 0xd0, 0x0, 0x0, 0x0, 0x0, 0x0,
    0xbf, 0xff, 0xd0, 0x0, 0x0, 0x0, 0x0, 0x0,
    0xbf, 0xff, 0xd0, 0x0, 0x0, 0x0, 0x0, 0x0,
    0xbf, 0xff, 0xd0, 0x0, 0x0, 0x0, 0x0, 0x0,
    0xbf, 0xff, 0xd0, 0x0, 0x0, 0x0, 0x0, 0x0,
    0xbf, 0xff, 0xd0, 0x0, 0x0, 0x0, 0x0, 0x0,
    0xbf, 0xff, 0xd0, 0x0, 0x0, 0x0, 0x0, 0x0,
    0xbf, 0xff, 0xd0, 0x0, 0x0, 0x0, 0x0, 0x0,
    0xbf, 0xff, 0xd0, 0x0, 0x0, 0x0, 0x0, 0x0,
    0xbf, 0xff, 0xd0, 0x0, 0x0, 0x0, 0x0, 0x0,
    0xbf, 0xff, 0xd0, 0x0, 0x0, 0x0, 0x0, 0x0,
    0xbf, 0xff, 0xd0, 0x0, 0x0, 0x0, 0x0, 0x0,

    /* U+0071 "q" */
    0x0, 0x0, 0x1, 0x55, 0x0, 0x0, 0x0, 0x0,
    0x0, 0x0, 0xbf, 0xff, 0xf4, 0x0, 0xff, 0xfe,
    0x0, 0x7, 0xff, 0xff, 0xff, 0x1, 0xff, 0xfe,
    0x0, 0x2f, 0xff, 0xff, 0xff, 0xd2, 0xff, 0xfe,
    0x0, 0xbf, 0xff, 0xff, 0xff, 0xf3, 0xff, 0xfe,
    0x1, 0xff, 0xff, 0xff, 0xff, 0xff, 0xff, 0xfe,
    0x3, 0xff, 0xff, 0xff, 0xff, 0xff, 0xff, 0xfe,
    0x7, 0xff, 0xff, 0xfa, 0xaf, 0xff, 0xff, 0xfe,
    0xf, 0xff, 0xff, 0xc0, 0x0, 0xbf, 0xff, 0xfe,
    0xf, 0xff, 0xff, 0x0, 0x0, 0x2f, 0xff, 0xfe,
    0x1f, 0xff, 0xfd, 0x0, 0x0, 0xf, 0xff, 0xfe,
    0x2f, 0xff, 0xfc, 0x0, 0x0, 0xb, 0xff, 0xfe,
    0x3f, 0xff, 0xf8, 0x0, 0x0, 0x7, 0xff, 0xfe,
    0x3f, 0xff, 0xf4, 0x0, 0x0, 0x3, 0xff, 0xfe,
    0x3f, 0xff, 0xf0, 0x0, 0x0, 0x3, 0xff, 0xfe,
    0x3f, 0xff, 0xf0, 0x0, 0x0, 0x3, 0xff, 0xfe,
    0x3f, 0xff, 0xf0, 0x0, 0x0, 0x3, 0xff, 0xfe,
    0x3f, 0xff, 0xf0, 0x0, 0x0, 0x3, 0xff, 0xfe,
    0x3f, 0xff, 0xf0, 0x0, 0x0, 0x3, 0xff, 0xfe,
    0x3f, 0xff, 0xf0, 0x0, 0x0, 0x3, 0xff, 0xfe,
    0x3f, 0xff, 0xf4, 0x0, 0x0, 0x3, 0xff, 0xfe,
    0x3f, 0xff, 0xf8, 0x0, 0x0, 0x7, 0xff, 0xfe,
    0x2f, 0xff, 0xfc, 0x0, 0x0, 0xb, 0xff, 0xfe,
    0x1f, 0xff, 0xfd, 0x0, 0x0, 0xf, 0xff, 0xfe,
    0xf, 0xff, 0xff, 0x0, 0x0, 0x2f, 0xff, 0xfe,
    0xf, 0xff, 0xff, 0xc0, 0x0, 0xbf, 0xff, 0xfe,
    0x7, 0xff, 0xff, 0xfe, 0xaf, 0xff, 0xff, 0xfe,
    0x3, 0xff, 0xff, 0xff, 0xff, 0xff, 0xff, 0xfe,
    0x1, 0xff, 0xff, 0xff, 0xff, 0xff, 0xff, 0xfe,
    0x0, 0xbf, 0xff, 0xff, 0xff, 0xf7, 0xff, 0xfe,
    0x0, 0x2f, 0xff, 0xff, 0xff, 0xc7, 0xff, 0xfe,
    0x0, 0x7, 0xff, 0xff, 0xff, 0x7, 0xff, 0xfe,
    0x0, 0x0, 0xbf, 0xff, 0xf4, 0xb, 0xff, 0xfe,
    0x0, 0x0, 0x1, 0x55, 0x0, 0xb, 0xff, 0xfe,
    0x0, 0x0, 0x0, 0x0, 0x0, 0xb, 0xff, 0xfe,
    0x0, 0x0, 0x0, 0x0, 0x0, 0xb, 0xff, 0xfe,
    0x0, 0x0, 0x0, 0x0, 0x0, 0xb, 0xff, 0xfe,
    0x0, 0x0, 0x0, 0x0, 0x0, 0xb, 0xff, 0xfe,
    0x0, 0x0, 0x0, 0x0, 0x0, 0xb, 0xff, 0xfe,
    0x0, 0x0, 0x0, 0x0, 0x0, 0xb, 0xff, 0xfe,
    0x0, 0x0, 0x0, 0x0, 0x0, 0xb, 0xff, 0xfe,
    0x0, 0x0, 0x0, 0x0, 0x0, 0xb, 0xff, 0xfe,
    0x0, 0x0, 0x0, 0x0, 0x0, 0xb, 0xff, 0xfe,
    0x0, 0x0, 0x0, 0x0, 0x0, 0xb, 0xff, 0xfe,
    0x0, 0x0, 0x0, 0x0, 0x0, 0xb, 0xff, 0xfe,
    0x0, 0x0, 0x0, 0x0, 0x0, 0xb, 0xff, 0xfe,
    0x0, 0x0, 0x0, 0x0, 0x0, 0xb, 0xff, 0xfe,

    /* U+0072 "r" */
    0x0, 0x0, 0x0, 0x0, 0x55, 0x52, 0xff, 0xf4,
    0x0, 0x2f, 0xff, 0xcb, 0xff, 0xe0, 0x7, 0xff,
    0xff, 0x2f, 0xff, 0xc0, 0xbf, 0xff, 0xfc, 0xbf,
    0xff, 0xb, 0xff, 0xff, 0xe2, 0xff, 0xfd, 0x7f,
    0xff, 0xff, 0x8b, 0xff, 0xff, 0xff, 0xff, 0xfd,
    0x2f, 0xff, 0xff, 0xff, 0xff, 0xf4, 0xbf, 0xff,
    0xff, 0xff, 0xff, 0xd2, 0xff, 0xff, 0xff, 0xd0,
    0x0, 0xb, 0xff, 0xff, 0xf4, 0x0, 0x0, 0x2f,
    0xff, 0xff, 0x0, 0x0, 0x0, 0xbf, 0xff, 0xf4,
    0x0, 0x0, 0x2, 0xff, 0xff, 0xc0, 0x0, 0x0,
    0xb, 0xff, 0xfe, 0x0, 0x0, 0x0, 0x2f, 0xff,
    0xf8, 0x0, 0x0, 0x0, 0xbf, 0xff, 0xd0, 0x0,
    0x0, 0x2, 0xff, 0xff, 0x40, 0x0, 0x0, 0xb,
    0xff, 0xfd, 0x0, 0x0, 0x0, 0x2f, 0xff, 0xf4,
    0x0, 0x0, 0x0, 0xbf, 0xff, 0xd0, 0x0, 0x0,
    0x2, 0xff, 0xff, 0x40, 0x0, 0x0, 0xb, 0xff,
    0xfd, 0x0, 0x0, 0x0, 0x2f, 0xff, 0xf4, 0x0,
    0x0, 0x0, 0xbf, 0xff, 0xd0, 0x0, 0x0, 0x2,
    0xff, 0xff, 0x40, 0x0, 0x0, 0xb, 0xff, 0xfd,
    0x0, 0x0, 0x0, 0x2f, 0xff, 0xf4, 0x0, 0x0,
    0x0, 0xbf, 0xff, 0xd0, 0x0, 0x0, 0x2, 0xff,
    0xff, 0x40, 0x0, 0x0, 0xb, 0xff, 0xfd, 0x0,
    0x0, 0x0, 0x2f, 0xff, 0xf4, 0x0, 0x0, 0x0,
    0xbf, 0xff, 0xd0, 0x0, 0x0, 0x0,

    /* U+0073 "s" */
    0x0, 0x0, 0x5, 0x55, 0x40, 0x0, 0x0, 0x0,
    0x6f, 0xff, 0xff, 0xf9, 0x0, 0x0, 0x7f, 0xff,
    0xff, 0xff, 0xfe, 0x40, 0x2f, 0xff, 0xff, 0xff,
    0xff, 0xfc, 0xb, 0xff, 0xff, 0xff, 0xff, 0xff,
    0x81, 0xff, 0xff, 0xff, 0xff, 0xff, 0xf0, 0x2f,
    0xff, 0xff, 0xff, 0xff, 0xfe, 0x3, 0xff, 0xff,
    0x40, 0x1, 0xbf, 0xd0, 0x3f, 0xff, 0xd0, 0x0,
    0x0, 0x2c, 0x3, 0xff, 0xfd, 0x0, 0x0, 0x0,
    0x0, 0x3f, 0xff, 0xf0, 0x0, 0x0, 0x0, 0x3,
    0xff, 0xff, 0xd0, 0x0, 0x0, 0x0, 0x3f, 0xff,
    0xff, 0xe0, 0x0, 0x0, 0x1, 0xff, 0xff, 0xff,
    0xe4, 0x0, 0x0, 0xf, 0xff, 0xff, 0xff, 0xf8,
    0x0, 0x0, 0x3f, 0xff, 0xff, 0xff, 0xf8, 0x0,
    0x0, 0xbf, 0xff, 0xff, 0xff, 0xf4, 0x0, 0x0,
    0xff, 0xff, 0xff, 0xff, 0xd0, 0x0, 0x1, 0xbf,
    0xff, 0xff, 0xff, 0x0, 0x0, 0x0, 0xbf, 0xff,
    0xff, 0xfc, 0x0, 0x0, 0x0, 0x6f, 0xff, 0xff,
    0xc0, 0x0, 0x0, 0x0, 0x3f, 0xff, 0xfd, 0x0,
    0x0, 0x0, 0x0, 0xbf, 0xff, 0xe0, 0x0, 0x0,
    0x0, 0x3, 0xff, 0xfe, 0x10, 0x0, 0x0, 0x0,
    0x3f, 0xff, 0xe3, 0xe4, 0x0, 0x0, 0xb, 0xff,
    0xfd, 0x3f, 0xfe, 0x50, 0x7, 0xff, 0xff, 0xc3,
    0xff, 0xff, 0xff, 0xff, 0xff, 0xfc, 0x3f, 0xff,
    0xff, 0xff, 0xff, 0xff, 0x43, 0xff, 0xff, 0xff,
    0xff, 0xff, 0xe0, 0x3f, 0xff, 0xff, 0xff, 0xff,
    0xf8, 0x3, 0xff, 0xff, 0xff, 0xff, 0xfd, 0x0,
    0x2, 0xff, 0xff, 0xff, 0xf9, 0x0, 0x0, 0x0,
    0x15, 0x55, 0x50, 0x0, 0x0,

    /* U+0074 "t" */
    0x0, 0x0, 0xaa, 0x90, 0x0, 0x0, 0x0, 0x1,
    0xff, 0xe0, 0x0, 0x0, 0x0, 0x3, 0xff, 0xe0,
    0x0, 0x0, 0x0, 0x3, 0xff, 0xe0, 0x0, 0x0,
    0x0, 0xb, 0xff, 0xe0, 0x0, 0x0, 0x0, 0xf,
    0xff, 0xe0, 0x0, 0x0, 0x0, 0x1f, 0xff, 0xe0,
    0x0, 0x0, 0x0, 0x2f, 0xff, 0xe0, 0x0, 0x0,
    0x0, 0xbf, 0xff, 0xff, 0xff, 0xfc, 0x7, 0xff,
    0xff, 0xff, 0xff, 0xfc, 0x3f, 0xff, 0xff, 0xff,
    0xff, 0xfc, 0xbf, 0xff, 0xff, 0xff, 0xff, 0xfc,
    0xbf, 0xff, 0xff, 0xff, 0xff, 0xfc, 0xbf, 0xff,
    0xff, 0xff, 0xff, 0xfc, 0x6a, 0xff, 0xff, 0xfa,
    0xaa, 0xa4, 0x0, 0x7f, 0xff, 0xe0, 0x0, 0x0,
    0x0, 0x7f, 0xff, 0xe0, 0x0, 0x0, 0x0, 0x7f,
    0xff, 0xe0, 0x0, 0x0, 0x0, 0x7f, 0xff, 0xe0,
    0x0, 0x0, 0x0, 0x7f, 0xff, 0xe0, 0x0, 0x0,
    0x0, 0x7f, 0xff, 0xe0, 0x0, 0x0, 0x0, 0x7f,
    0xff, 0xe0, 0x0, 0x0, 0x0, 0x7f, 0xff, 0xe0,
    0x0, 0x0, 0x0, 0x7f, 0xff, 0xe0, 0x0, 0x0,
    0x0, 0x7f, 0xff, 0xe0, 0x0, 0x0, 0x0, 0x7f,
    0xff, 0xe0, 0x0, 0x0, 0x0, 0x7f, 0xff, 0xe0,
    0x0, 0x0, 0x0, 0x7f, 0xff, 0xe0, 0x0, 0x0,
    0x0, 0x7f, 0xff, 0xe0, 0x0, 0x0, 0x0, 0x7f,
    0xff, 0xe0, 0x0, 0x0, 0x0, 0x7f, 0xff, 0xe0,
    0x0, 0x0, 0x0, 0x7f, 0xff, 0xf0, 0x0, 0x0,
    0x0, 0x3f, 0xff, 0xf8, 0x0, 0x4, 0x0, 0x3f,
    0xff, 0xff, 0xaa, 0xfc, 0x0, 0x3f, 0xff, 0xff,
    0xff, 0xfc, 0x0, 0x1f, 0xff, 0xff, 0xff, 0xfc,
    0x0, 0xf, 0xff, 0xff, 0xff, 0xfc, 0x0, 0x3,
    0xff, 0xff, 0xff, 0xfc, 0x0, 0x0, 0xff, 0xff,
    0xff, 0xfc, 0x0, 0x0, 0x1f, 0xff, 0xff, 0xe0,
    0x0, 0x0, 0x0, 0x55, 0x50, 0x0,

    /* U+0075 "u" */
    0xff, 0xff, 0xd0, 0x0, 0x0, 0x2f, 0xff, 0xfb,
    0xff, 0xff, 0x40, 0x0, 0x0, 0xbf, 0xff, 0xef,
    0xff, 0xfd, 0x0, 0x0, 0x2, 0xff, 0xff, 0xbf,
    0xff, 0xf4, 0x0, 0x0, 0xb, 0xff, 0xfe, 0xff,
    0xff, 0xd0, 0x0, 0x0, 0x2f, 0xff, 0xfb, 0xff,
    0xff, 0x40, 0x0, 0x0, 0xbf, 0xff, 0xef, 0xff,
    0xfd, 0x0, 0x0, 0x2, 0xff, 0xff, 0xbf, 0xff,
    0xf4, 0x0, 0x0, 0xb, 0xff, 0xfe, 0xff, 0xff,
    0xd0, 0x0, 0x0, 0x2f, 0xff, 0xfb, 0xff, 0xff,
    0x40, 0x0, 0x0, 0xbf, 0xff, 0xef, 0xff, 0xfd,
    0x0, 0x0, 0x2, 0xff, 0xff, 0xbf, 0xff, 0xf4,
    0x0, 0x0, 0xb, 0xff, 0xfe, 0xff, 0xff, 0xd0,
    0x0, 0x0, 0x2f, 0xff, 0xfb, 0xff, 0xff, 0x40,
    0x0, 0x0, 0xbf, 0xff, 0xef, 0xff, 0xfd, 0x0,
    0x0, 0x2, 0xff, 0xff, 0xbf, 0xff, 0xf4, 0x0,
    0x0, 0xb, 0xff, 0xfe, 0xff, 0xff, 0xd0, 0x0,
    0x0, 0x2f, 0xff, 0xfb, 0xff, 0xff, 0x40, 0x0,
    0x0, 0xbf, 0xff, 0xef, 0xff, 0xfd, 0x0, 0x0,
    0x2, 0xff, 0xff, 0xbf, 0xff, 0xf4, 0x0, 0x0,
    0xf, 0xff, 0xfe, 0xff, 0xff, 0xd0, 0x0, 0x0,
    0x3f, 0xff, 0xfb, 0xff, 0xff, 0x80, 0x0, 0x1,
    0xff, 0xff, 0xeb, 0xff, 0xff, 0x0, 0x0, 0xf,
    0xff, 0xff, 0xaf, 0xff, 0xfe, 0x0, 0x0, 0xbf,
    0xff, 0xfe, 0x7f, 0xff, 0xfe, 0x0, 0xb, 0xff,
    0xff, 0xf8, 0xff, 0xff, 0xff, 0xeb, 0xff, 0xff,
    0xff, 0xe3, 0xff, 0xff, 0xff, 0xff, 0xff, 0xff,
    0xff, 0x87, 0xff, 0xff, 0xff, 0xff, 0xff, 0xff,
    0xfe, 0xb, 0xff, 0xff, 0xff, 0xff, 0xeb, 0xff,
    0xf8, 0xb, 0xff, 0xff, 0xff, 0xff, 0xf, 0xff,
    0xe0, 0xb, 0xff, 0xff, 0xff, 0xe0, 0x3f, 0xff,
    0x80, 0x2, 0xff, 0xff, 0xf8, 0x0, 0xbf, 0xfe,
    0x0, 0x0, 0x15, 0x54, 0x0, 0x0, 0x0, 0x0,

    /* U+0076 "v" */
    0xff, 0xff, 0xe0, 0x0, 0x0, 0x0, 0x7f, 0xff,
    0xf1, 0xff, 0xff, 0xc0, 0x0, 0x0, 0x2, 0xff,
    0xff, 0x83, 0xff, 0xff, 0x40, 0x0, 0x0, 0xf,
    0xff, 0xfd, 0xb, 0xff, 0xfe, 0x0, 0x0, 0x0,
    0x7f, 0xff, 0xf0, 0xf, 0xff, 0xfc, 0x0, 0x0,
    0x2, 0xff, 0xff, 0x80, 0x3f, 0xff, 0xf4, 0x0,
    0x0, 0xf, 0xff, 0xfc, 0x0, 0x7f, 0xff, 0xe0,
    0x0, 0x0, 0x7f, 0xff, 0xe0, 0x0, 0xff, 0xff,
    0xc0, 0x0, 0x2, 0xff, 0xff, 0x40, 0x2, 0xff,
    0xff, 0x0, 0x0, 0xf, 0xff, 0xfc, 0x0, 0x7,
    0xff, 0xfe, 0x0, 0x0, 0x7f, 0xff, 0xe0, 0x0,
    0xf, 0xff, 0xfc, 0x0, 0x2, 0xff, 0xff, 0x0,
    0x0, 0x2f, 0xff, 0xf0, 0x0, 0xf, 0xff, 0xfc,
    0x0, 0x0, 0x3f, 0xff, 0xe0, 0x0, 0x7f, 0xff,
    0xd0, 0x0, 0x0, 0xbf, 0xff, 0xc0, 0x2, 0xff,
    0xff, 0x0, 0x0, 0x1, 0xff, 0xff, 0x0, 0xf,
    0xff, 0xf8, 0x0, 0x0, 0x3, 0xff, 0xfe, 0x0,
    0x7f, 0xff, 0xc0, 0x0, 0x0, 0xb, 0xff, 0xfc,
    0x2, 0xff, 0xff, 0x0, 0x0, 0x0, 0xf, 0xff,
    0xf0, 0xf, 0xff, 0xf4, 0x0, 0x0, 0x0, 0x3f,
    0xff, 0xd0, 0x7f, 0xff, 0xc0, 0x0, 0x0, 0x0,
    0x7f, 0xff, 0xc2, 0xff, 0xfe, 0x0, 0x0, 0x0,
    0x0, 0xff, 0xff, 0xf, 0xff, 0xf4, 0x0, 0x0,
    0x0, 0x2, 0xff, 0xfd, 0x7f, 0xff, 0xc0, 0x0,
    0x0, 0x0, 0x3, 0xff, 0xfa, 0xff, 0xfd, 0x0,
    0x0, 0x0, 0x0, 0xf, 0xff, 0xff, 0xff, 0xf0,
    0x0, 0x0, 0x0, 0x0, 0x1f, 0xff, 0xff, 0xff,
    0x80, 0x0, 0x0, 0x0, 0x0, 0x3f, 0xff, 0xff,
    0xfd, 0x0, 0x0, 0x0, 0x0, 0x0, 0xbf, 0xff,
    0xff, 0xf0, 0x0, 0x0, 0x0, 0x0, 0x1, 0xff,
    0xff, 0xff, 0x80, 0x0, 0x0, 0x0, 0x0, 0x3,
    0xff, 0xff, 0xfc, 0x0, 0x0, 0x0, 0x0, 0x0,
    0x7, 0xff, 0xff, 0xf0, 0x0, 0x0, 0x0, 0x0,
    0x0, 0xf, 0xff, 0xff, 0x40, 0x0, 0x0, 0x0,
    0x0, 0x0, 0x2f, 0xff, 0xfc, 0x0, 0x0, 0x0,

    /* U+0077 "w" */
    0x7f, 0xff, 0xe0, 0x0, 0x0, 0x7f, 0xff, 0xfc,
    0x0, 0x0, 0xf, 0xff, 0xf8, 0xff, 0xff, 0xc0,
    0x0, 0x2, 0xff, 0xff, 0xf0, 0x0, 0x0, 0x7f,
    0xff, 0xd2, 0xff, 0xff, 0x0, 0x0, 0xf, 0xff,
    0xff, 0xd0, 0x0, 0x2, 0xff, 0xff, 0x7, 0xff,
    0xfd, 0x0, 0x0, 0x3f, 0xff, 0xff, 0x80, 0x0,
    0xf, 0xff, 0xf8, 0xf, 0xff, 0xf8, 0x0, 0x1,
    0xff, 0xff, 0xff, 0x0, 0x0, 0x3f, 0xff, 0xd0,
    0x3f, 0xff, 0xf0, 0x0, 0xb, 0xff, 0xff, 0xfc,
    0x0, 0x2, 0xff, 0xff, 0x0, 0xbf, 0xff, 0xc0,
    0x0, 0x3f, 0xff, 0xff, 0xf4, 0x0, 0xf, 0xff,
    0xfc, 0x0, 0xff, 0xff, 0x40, 0x0, 0xff, 0xf7,
    0xff, 0xe0, 0x0, 0x3f, 0xff, 0xe0, 0x3, 0xff,
    0xff, 0x0, 0x7, 0xff, 0xcf, 0xff, 0xc0, 0x1,
    0xff, 0xff, 0x40, 0xb, 0xff, 0xfc, 0x0, 0x2f,
    0xff, 0x2f, 0xff, 0x0, 0xb, 0xff, 0xfc, 0x0,
    0x1f, 0xff, 0xf4, 0x0, 0xff, 0xf8, 0x7f, 0xfd,
    0x0, 0x3f, 0xff, 0xe0, 0x0, 0x3f, 0xff, 0xe0,
    0x3, 0xff, 0xd0, 0xff, 0xf8, 0x0, 0xff, 0xff,
    0x40, 0x0, 0xff, 0xff, 0xc0, 0x1f, 0xff, 0x3,
    0xff, 0xf0, 0x7, 0xff, 0xfc, 0x0, 0x1, 0xff,
    0xff, 0x0, 0xbf, 0xfc, 0xb, 0xff, 0xc0, 0x2f,
    0xff, 0xf0, 0x0, 0x3, 0xff, 0xfd, 0x3, 0xff,
    0xe0, 0x1f, 0xff, 0x40, 0xff, 0xff, 0x40, 0x0,
    0xf, 0xff, 0xf8, 0xf, 0xff, 0x40, 0x3f, 0xfe,
    0x3, 0xff, 0xfc, 0x0, 0x0, 0x2f, 0xff, 0xf0,
    0x7f, 0xfc, 0x0, 0xff, 0xfc, 0x1f, 0xff, 0xf0,
    0x0, 0x0, 0x7f, 0xff, 0xc2, 0xff, 0xf0, 0x2,
    0xff, 0xf0, 0xbf, 0xff, 0x80, 0x0, 0x0, 0xff,
    0xff, 0xf, 0xff, 0x80, 0x7, 0xff, 0xc3, 0xff,
    0xfd, 0x0, 0x0, 0x2, 0xff, 0xfd, 0x3f, 0xfd,
    0x0, 0xf, 0xff, 0x4f, 0xff, 0xf0, 0x0, 0x0,
    0x7, 0xff, 0xf4, 0xff, 0xf0, 0x0, 0x3f, 0xfd,
    0x3f, 0xff, 0x80, 0x0, 0x0, 0xf, 0xff, 0xe7,
    0xff, 0xc0, 0x0, 0xbf, 0xf9, 0xff, 0xfd, 0x0,
    0x0, 0x0, 0x3f, 0xff, 0xdf, 0xff, 0x0, 0x2,
    0xff, 0xfb, 0xff, 0xf0, 0x0, 0x0, 0x0, 0xbf,
    0xff, 0xbf, 0xf8, 0x0, 0x7, 0xff, 0xef, 0xff,
    0xc0, 0x0, 0x0, 0x1, 0xff, 0xff, 0xff, 0xd0,
    0x0, 0xf, 0xff, 0xff, 0xfe, 0x0, 0x0, 0x0,
    0x3, 0xff, 0xff, 0xff, 0x0, 0x0, 0x3f, 0xff,
    0xff, 0xf4, 0x0, 0x0, 0x0, 0xb, 0xff, 0xff,
    0xfc, 0x0, 0x0, 0xbf, 0xff, 0xff, 0xc0, 0x0,
    0x0, 0x0, 0x1f, 0xff, 0xff, 0xe0, 0x0, 0x1,
    0xff, 0xff, 0xfe, 0x0, 0x0, 0x0, 0x0, 0x3f,
    0xff, 0xff, 0x40, 0x0, 0x3, 0xff, 0xff, 0xf4,
    0x0, 0x0, 0x0, 0x0, 0xff, 0xff, 0xfc, 0x0,
    0x0, 0xf, 0xff, 0xff, 0xc0, 0x0, 0x0, 0x0,
    0x2, 0xff, 0xff, 0xf0, 0x0, 0x0, 0x2f, 0xff,
    0xff, 0x0, 0x0, 0x0, 0x0, 0x3, 0xff, 0xff,
    0x80, 0x0, 0x0, 0x7f, 0xff, 0xf4, 0x0, 0x0,

    /* U+0078 "x" */
    0x3f, 0xff, 0xfd, 0x0, 0x0, 0x2, 0xff, 0xff,
    0xe0, 0x3f, 0xff, 0xfc, 0x0, 0x0, 0xf, 0xff,
    0xff, 0x0, 0x7f, 0xff, 0xf8, 0x0, 0x0, 0xff,
    0xff, 0xf0, 0x0, 0xff, 0xff, 0xf0, 0x0, 0x7,
    0xff, 0xff, 0x80, 0x0, 0xff, 0xff, 0xf0, 0x0,
    0x3f, 0xff, 0xfc, 0x0, 0x1, 0xff, 0xff, 0xd0,
    0x2, 0xff, 0xff, 0xc0, 0x0, 0x3, 0xff, 0xff,
    0xc0, 0x1f, 0xff, 0xfd, 0x0, 0x0, 0x3, 0xff,
    0xff, 0x80, 0xff, 0xff, 0xf0, 0x0, 0x0, 0x7,
    0xff, 0xff, 0x4b, 0xff, 0xff, 0x0, 0x0, 0x0,
    0xb, 0xff, 0xff, 0x7f, 0xff, 0xf4, 0x0, 0x0,
    0x0, 0xf, 0xff, 0xff, 0xff, 0xff, 0x80, 0x0,
    0x0, 0x0, 0x1f, 0xff, 0xff, 0xff, 0xfc, 0x0,
    0x0, 0x0, 0x0, 0x2f, 0xff, 0xff, 0xff, 0xd0,
    0x0, 0x0, 0x0, 0x0, 0x3f, 0xff, 0xff, 0xfe,
    0x0, 0x0, 0x0, 0x0, 0x0, 0x7f, 0xff, 0xff,
    0xf0, 0x0, 0x0, 0x0, 0x0, 0x0, 0xff, 0xff,
    0xff, 0x40, 0x0, 0x0, 0x0, 0x0, 0x3, 0xff,
    0xff, 0xff, 0x0, 0x0, 0x0, 0x0, 0x0, 0x3f,
    0xff, 0xff, 0xfd, 0x0, 0x0, 0x0, 0x0, 0x2,
    0xff, 0xff, 0xff, 0xfc, 0x0, 0x0, 0x0, 0x0,
    0xf, 0xff, 0xff, 0xff, 0xfc, 0x0, 0x0, 0x0,
    0x0, 0xff, 0xff, 0xff, 0xff, 0xf8, 0x0, 0x0,
    0x0, 0xb, 0xff, 0xff, 0x7f, 0xff, 0xf0, 0x0,
    0x0, 0x0, 0x7f, 0xff, 0xf4, 0xbf, 0xff, 0xf0,
    0x0, 0x0, 0x3, 0xff, 0xff, 0xc0, 0xff, 0xff,
    0xe0, 0x0, 0x0, 0x2f, 0xff, 0xfc, 0x1, 0xff,
    0xff, 0xd0, 0x0, 0x1, 0xff, 0xff, 0xe0, 0x3,
    0xff, 0xff, 0xc0, 0x0, 0xf, 0xff, 0xff, 0x0,
    0x3, 0xff, 0xff, 0x80, 0x0, 0xbf, 0xff, 0xf4,
    0x0, 0xb, 0xff, 0xff, 0x40, 0x7, 0xff, 0xff,
    0x80, 0x0, 0xf, 0xff, 0xff, 0x0, 0x3f, 0xff,
    0xfc, 0x0, 0x0, 0x1f, 0xff, 0xfe, 0x2, 0xff,
    0xff, 0xd0, 0x0, 0x0, 0x2f, 0xff, 0xfd, 0x1f,
    0xff, 0xfe, 0x0, 0x0, 0x0, 0x3f, 0xff, 0xfc,

    /* U+0079 "y" */
    0xff, 0xff, 0xe0, 0x0, 0x0, 0x0, 0x7f, 0xff,
    0xf1, 0xff, 0xff, 0xc0, 0x0, 0x0, 0x2, 0xff,
    0xff, 0x83, 0xff, 0xff, 0x40, 0x0, 0x0, 0xf,
    0xff, 0xfd, 0xb, 0xff, 0xfe, 0x0, 0x0, 0x0,
    0x7f, 0xff, 0xf0, 0xf, 0xff, 0xfc, 0x0, 0x0,
    0x2, 0xff, 0xff, 0x80, 0x2f, 0xff, 0xf4, 0x0,
    0x0, 0xf, 0xff, 0xfc, 0x0, 0x7f, 0xff, 0xf0,
    0x0, 0x0, 0x7f, 0xff, 0xf0, 0x0, 0xff, 0xff,
    0xc0, 0x0, 0x2, 0xff, 0xff, 0x40, 0x2, 0xff,
    0xff, 0x40, 0x0, 0xf, 0xff, 0xfc, 0x0, 0x3,
    0xff, 0xff, 0x0, 0x0, 0x7f, 0xff, 0xe0, 0x0,
    0xb, 0xff, 0xfc, 0x0, 0x2, 0xff, 0xff, 0x0,
    0x0, 0x1f, 0xff, 0xf4, 0x0, 0xf, 0xff, 0xfc,
    0x0, 0x0, 0x3f, 0xff, 0xf0, 0x0, 0x7f, 0xff,
    0xd0, 0x0, 0x0, 0x7f, 0xff, 0xc0, 0x2, 0xff,
    0xff, 0x0, 0x0, 0x0, 0xff, 0xff, 0x40, 0xf,
    0xff, 0xf8, 0x0, 0x0, 0x2, 0xff, 0xff, 0x0,
    0x7f, 0xff, 0xd0, 0x0, 0x0, 0x3, 0xff, 0xfc,
    0x2, 0xff, 0xff, 0x0, 0x0, 0x0, 0xf, 0xff,
    0xf4, 0xf, 0xff, 0xf8, 0x0, 0x0, 0x0, 0x1f,
    0xff, 0xf0, 0x3f, 0xff, 0xc0, 0x0, 0x0, 0x0,
    0x3f, 0xff, 0xc2, 0xff, 0xfe, 0x0, 0x0, 0x0,
    0x0, 0xbf, 0xff, 0x4f, 0xff, 0xf4, 0x0, 0x0,
    0x0, 0x0, 0xff, 0xfe, 0x3f, 0xff, 0xc0, 0x0,
    0x0, 0x0, 0x2, 0xff, 0xfd, 0xff, 0xfe, 0x0,
    0x0, 0x0, 0x0, 0x7, 0xff, 0xff, 0xff, 0xf0,
    0x0, 0x0, 0x0, 0x0, 0xf, 0xff, 0xff, 0xff,
    0xc0, 0x0, 0x0, 0x0, 0x0, 0x2f, 0xff, 0xff,
    0xfd, 0x0, 0x0, 0x0, 0x0, 0x0, 0x3f, 0xff,
    0xff, 0xf0, 0x0, 0x0, 0x0, 0x0, 0x0, 0xbf,
    0xff, 0xff, 0x80, 0x0, 0x0, 0x0, 0x0, 0x1,
    0xff, 0xff, 0xfd, 0x0, 0x0, 0x0, 0x0, 0x0,
    0x3, 0xff, 0xff, 0xf0, 0x0, 0x0, 0x0, 0x0,
    0x0, 0x7, 0xff, 0xff, 0x80, 0x0, 0x0, 0x0,
    0x0, 0x0, 0xf, 0xff, 0xfc, 0x0, 0x0, 0x0,
    0x0, 0x0, 0x0, 0x7f, 0xff, 0xe0, 0x0, 0x0,
    0x0, 0x0, 0x0, 0x2, 0xff, 0xff, 0x40, 0x0,
    0x0, 0x0, 0x0, 0x0, 0xf, 0xff, 0xfc, 0x0,
    0x0, 0x0, 0x0, 0x0, 0x0, 0xbf, 0xff, 0xe0,
    0x0, 0x0, 0x0, 0x0, 0x0, 0x7, 0xff, 0xff,
    0x0, 0x0, 0x0, 0x0, 0x0, 0x0, 0x7f, 0xff,
    0xf8, 0x0, 0x0, 0x0, 0x0, 0x50, 0x1f, 0xff,
    0xff, 0xc0, 0x0, 0x0, 0x0, 0x3, 0xff, 0xff,
    0xff, 0xfe, 0x0, 0x0, 0x0, 0x0, 0xf, 0xff,
    0xff, 0xff, 0xf0, 0x0, 0x0, 0x0, 0x0, 0x3f,
    0xff, 0xff, 0xff, 0x0, 0x0, 0x0, 0x0, 0x0,
    0xff, 0xff, 0xff, 0xf4, 0x0, 0x0, 0x0, 0x0,
    0x3, 0xff, 0xff, 0xff, 0x40, 0x0, 0x0, 0x0,
    0x0, 0xf, 0xff, 0xff, 0xe0, 0x0, 0x0, 0x0,
    0x0, 0x0, 0x2f, 0xff, 0xe4, 0x0, 0x0, 0x0,
    0x0, 0x0, 0x0,

    /* U+007A "z" */
    0x1f, 0xff, 0xff, 0xff, 0xff, 0xff, 0xf0, 0x7f,
    0xff, 0xff, 0xff, 0xff, 0xff, 0xc1, 0xff, 0xff,
    0xff, 0xff, 0xff, 0xff, 0x7, 0xff, 0xff, 0xff,
    0xff, 0xff, 0xfc, 0x1f, 0xff, 0xff, 0xff, 0xff,
    0xff, 0xf0, 0x7f, 0xff, 0xff, 0xff, 0xff, 0xff,
    0xc1, 0xff, 0xff, 0xff, 0xff, 0xff, 0xfe, 0x0,
    0x0, 0x0, 0x0, 0xbf, 0xff, 0xf0, 0x0, 0x0,
    0x0, 0x7, 0xff, 0xff, 0x0, 0x0, 0x0, 0x0,
    0x3f, 0xff, 0xf4, 0x0, 0x0, 0x0, 0x3, 0xff,
    0xff, 0x80, 0x0, 0x0, 0x0, 0x2f, 0xff, 0xfc,
    0x0, 0x0, 0x0, 0x1, 0xff, 0xff, 0xc0, 0x0,
    0x0, 0x0, 0xf, 0xff, 0xfd, 0x0, 0x0, 0x0,
    0x0, 0xff, 0xff, 0xe0, 0x0, 0x0, 0x0, 0xb,
    0xff, 0xff, 0x0, 0x0, 0x0, 0x0, 0x7f, 0xff,
    0xf0, 0x0, 0x0, 0x0, 0x3, 0xff, 0xff, 0x40,
    0x0, 0x0, 0x0, 0x3f, 0xff, 0xf8, 0x0, 0x0,
    0x0, 0x2, 0xff, 0xff, 0x80, 0x0, 0x0, 0x0,
    0x1f, 0xff, 0xfc, 0x0, 0x0, 0x0, 0x0, 0xff,
    0xff, 0xc0, 0x0, 0x0, 0x0, 0xf, 0xff, 0xfd,
    0x0, 0x0, 0x0, 0x0, 0xbf, 0xff, 0xe0, 0x0,
    0x0, 0x0, 0xb, 0xff, 0xff, 0x0, 0x0, 0x0,
    0x0, 0x7f, 0xff, 0xff, 0xff, 0xff, 0xff, 0xe3,
    0xff, 0xff, 0xff, 0xff, 0xff, 0xff, 0x8f, 0xff,
    0xff, 0xff, 0xff, 0xff, 0xfe, 0x3f, 0xff, 0xff,
    0xff, 0xff, 0xff, 0xf8, 0xff, 0xff, 0xff, 0xff,
    0xff, 0xff, 0xe3, 0xff, 0xff, 0xff, 0xff, 0xff,
    0xff, 0x8f, 0xff, 0xff, 0xff, 0xff, 0xff, 0xfe,

    /* U+007B "{" */
    0x0, 0x0, 0x0, 0x6, 0xff, 0xc0, 0x0, 0x0,
    0x1f, 0xff, 0xfc, 0x0, 0x0, 0xb, 0xff, 0xff,
    0xc0, 0x0, 0x2, 0xff, 0xff, 0xfc, 0x0, 0x0,
    0x3f, 0xff, 0xff, 0xc0, 0x0, 0x7, 0xff, 0xff,
    0xfc, 0x0, 0x0, 0xbf, 0xff, 0xfe, 0x80, 0x0,
    0xb, 0xff, 0xfd, 0x0, 0x0, 0x0, 0xbf, 0xff,
    0x80, 0x0, 0x0, 0xb, 0xff, 0xf0, 0x0, 0x0,
    0x0, 0xbf, 0xff, 0x0, 0x0, 0x0, 0xb, 0xff,
    0xf0, 0x0, 0x0, 0x0, 0xbf, 0xff, 0x0, 0x0,
    0x0, 0xb, 0xff, 0xf0, 0x0, 0x0, 0x0, 0xbf,
    0xff, 0x0, 0x0, 0x0, 0xb, 0xff, 0xf0, 0x0,
    0x0, 0x0, 0xbf, 0xff, 0x0, 0x0, 0x0, 0xb,
    0xff, 0xf0, 0x0, 0x0, 0x0, 0xff, 0xff, 0x0,
    0x0, 0x0, 0xf, 0xff, 0xf0, 0x0, 0x0, 0x3,
    0xff, 0xff, 0x0, 0x0, 0x6, 0xff, 0xff, 0xe0,
    0x0, 0x3f, 0xff, 0xff, 0xfc, 0x0, 0x3, 0xff,
    0xff, 0xff, 0x0, 0x0, 0x3f, 0xff, 0xff, 0x40,
    0x0, 0x3, 0xff, 0xfe, 0x0, 0x0, 0x0, 0x3f,
    0xff, 0xff, 0x40, 0x0, 0x3, 0xff, 0xff, 0xff,
    0x0, 0x0, 0x3f, 0xff, 0xff, 0xfc, 0x0, 0x0,
    0x6, 0xff, 0xff, 0xe0, 0x0, 0x0, 0x3, 0xff,
    0xff, 0x0, 0x0, 0x0, 0x1f, 0xff, 0xf0, 0x0,
    0x0, 0x0, 0xff, 0xff, 0x0, 0x0, 0x0, 0xb,
    0xff, 0xf0, 0x0, 0x0, 0x0, 0xbf, 0xff, 0x0,
    0x0, 0x0, 0xb, 0xff, 0xf0, 0x0, 0x0, 0x0,
    0xbf, 0xff, 0x0, 0x0, 0x0, 0xb, 0xff, 0xf0,
    0x0, 0x0, 0x0, 0xbf, 0xff, 0x0, 0x0, 0x0,
    0xb, 0xff, 0xf0, 0x0, 0x0, 0x0, 0xbf, 0xff,
    0x0, 0x0, 0x0, 0xb, 0xff, 0xf0, 0x0, 0x0,
    0x0, 0xbf, 0xff, 0x40, 0x0, 0x0, 0xb, 0xff,
    0xfc, 0x0, 0x0, 0x0, 0xbf, 0xff, 0xf4, 0x0,
    0x0, 0x7, 0xff, 0xff, 0xfc, 0x0, 0x0, 0x3f,
    0xff, 0xff, 0xc0, 0x0, 0x3, 0xff, 0xff, 0xfc,
    0x0, 0x0, 0xf, 0xff, 0xff, 0xc0, 0x0, 0x0,
    0x7f, 0xff, 0xfc, 0x0, 0x0, 0x0, 0x6f, 0xff,
    0xc0, 0x0, 0x0, 0x0, 0x5, 0x68,

    /* U+007C "|" */
    0xbf, 0xfa, 0xff, 0xeb, 0xff, 0xaf, 0xfe, 0xbf,
    0xfa, 0xff, 0xeb, 0xff, 0xaf, 0xfe, 0xbf, 0xfa,
    0xff, 0xeb, 0xff, 0xaf, 0xfe, 0xbf, 0xfa, 0xff,
    0xeb, 0xff, 0xaf, 0xfe, 0xbf, 0xfa, 0xff, 0xeb,
    0xff, 0xaf, 0xfe, 0xbf, 0xfa, 0xff, 0xeb, 0xff,
    0xaf, 0xfe, 0xbf, 0xfa, 0xff, 0xeb, 0xff, 0xaf,
    0xfe, 0xbf, 0xfa, 0xff, 0xeb, 0xff, 0xaf, 0xfe,
    0xbf, 0xfa, 0xff, 0xeb, 0xff, 0xaf, 0xfe, 0xbf,
    0xfa, 0xff, 0xeb, 0xff, 0xaf, 0xfe, 0xbf, 0xfa,
    0xff, 0xeb, 0xff, 0xaf, 0xfe, 0xbf, 0xfa, 0xff,
    0xeb, 0xff, 0xaf, 0xfe, 0xbf, 0xfa, 0xff, 0xeb,
    0xff, 0xaf, 0xfe, 0xbf, 0xfa, 0xff, 0xeb, 0xff,
    0xaf, 0xfe, 0xbf, 0xfa, 0xff, 0xe5, 0x55, 0x40,

    /* U+007D "}" */
    0xbf, 0xe9, 0x0, 0x0, 0x0, 0x2f, 0xff, 0xfc,
    0x0, 0x0, 0xb, 0xff, 0xff, 0xd0, 0x0, 0x2,
    0xff, 0xff, 0xfc, 0x0, 0x0, 0xbf, 0xff, 0xff,
    0x80, 0x0, 0x2f, 0xff, 0xff, 0xf0, 0x0, 0x6,
    0xbf, 0xff, 0xfc, 0x0, 0x0, 0x2, 0xff, 0xff,
    0x0, 0x0, 0x0, 0x3f, 0xff, 0xc0, 0x0, 0x0,
    0xb, 0xff, 0xf0, 0x0, 0x0, 0x2, 0xff, 0xfc,
    0x0, 0x0, 0x0, 0xbf, 0xff, 0x0, 0x0, 0x0,
    0x2f, 0xff, 0xc0, 0x0, 0x0, 0xb, 0xff, 0xf0,
    0x0, 0x0, 0x2, 0xff, 0xfc, 0x0, 0x0, 0x0,
    0xbf, 0xff, 0x0, 0x0, 0x0, 0x2f, 0xff, 0xc0,
    0x0, 0x0, 0xb, 0xff, 0xf4, 0x0, 0x0, 0x2,
    0xff, 0xfd, 0x0, 0x0, 0x0, 0x7f, 0xff, 0xc0,
    0x0, 0x0, 0x1f, 0xff, 0xf8, 0x0, 0x0, 0x3,
    0xff, 0xff, 0xe0, 0x0, 0x0, 0x7f, 0xff, 0xff,
    0xf8, 0x0, 0x7, 0xff, 0xff, 0xfe, 0x0, 0x0,
    0x2f, 0xff, 0xff, 0x80, 0x0, 0x0, 0x7f, 0xff,
    0xe0, 0x0, 0x2, 0xff, 0xff, 0xf8, 0x0, 0x7,
    0xff, 0xff, 0xfe, 0x0, 0x7, 0xff, 0xff, 0xff,
    0x80, 0x3, 0xff, 0xff, 0xe4, 0x0, 0x1, 0xff,
    0xff, 0x80, 0x0, 0x0, 0x7f, 0xff, 0xc0, 0x0,
    0x0, 0x2f, 0xff, 0xd0, 0x0, 0x0, 0xb, 0xff,
    0xf4, 0x0, 0x0, 0x2, 0xff, 0xfc, 0x0, 0x0,
    0x0, 0xbf, 0xff, 0x0, 0x0, 0x0, 0x2f, 0xff,
    0xc0, 0x0, 0x0, 0xb, 0xff, 0xf0, 0x0, 0x0,
    0x2, 0xff, 0xfc, 0x0, 0x0, 0x0, 0xbf, 0xff,
    0x0, 0x0, 0x0, 0x2f, 0xff, 0xc0, 0x0, 0x0,
    0xb, 0xff, 0xf0, 0x0, 0x0, 0x2, 0xff, 0xfc,
    0x0, 0x0, 0x0, 0xff, 0xff, 0x0, 0x0, 0x1,
    0xff, 0xff, 0xc0, 0x0, 0x2f, 0xff, 0xff, 0xf0,
    0x0, 0xb, 0xff, 0xff, 0xfc, 0x0, 0x2, 0xff,
    0xff, 0xfd, 0x0, 0x0, 0xbf, 0xff, 0xff, 0x0,
    0x0, 0x2f, 0xff, 0xfe, 0x0, 0x0, 0xb, 0xff,
    0xf9, 0x0, 0x0, 0x1, 0x95, 0x40, 0x0, 0x0,
    0x0,

    /* U+007E "~" */
    0x0, 0x0, 0x0, 0x0, 0x0, 0x0, 0x0, 0x0,
    0x6, 0xff, 0xe4, 0x0, 0x0, 0x0, 0x1, 0x7,
    0xff, 0xff, 0xfd, 0x0, 0x0, 0x0, 0xe2, 0xff,
    0xff, 0xff, 0xfe, 0x0, 0x0, 0x7e, 0x7f, 0xff,
    0xff, 0xff, 0xff, 0x95, 0xbf, 0xe7, 0xff, 0xff,
    0xff, 0xff, 0xff, 0xff, 0xfe, 0x7f, 0xff, 0xff,
    0xff, 0xff, 0xff, 0xff, 0xe7, 0xfe, 0x56, 0xbf,
    0xff, 0xff, 0xff, 0xfe, 0x7e, 0x0, 0x0, 0x7f,
    0xff, 0xff, 0xff, 0xc7, 0x40, 0x0, 0x0, 0x2f,
    0xff, 0xff, 0xd0, 0x40, 0x0, 0x0, 0x0, 0x1b,
    0xff, 0x90, 0x0, 0x0, 0x0, 0x0, 0x0, 0x0,
    0x0, 0x0,

    /* U+00B0 "°" */
    0x0, 0x2, 0xff, 0xe4, 0x0, 0x0, 0x3, 0xff,
    0xff, 0xf4, 0x0, 0x1, 0xff, 0xff, 0xff, 0xe0,
    0x0, 0x7f, 0xff, 0xff, 0xff, 0x80, 0xf, 0xff,
    0xff, 0xff, 0xfd, 0x2, 0xff, 0xfe, 0xaf, 0xff,
    0xf0, 0x3f, 0xfe, 0x0, 0x1f, 0xff, 0x47, 0xff,
    0xc0, 0x0, 0x7f, 0xfc, 0x7f, 0xf4, 0x0, 0x3,
    0xff, 0xcb, 0xff, 0x0, 0x0, 0x3f, 0xfc, 0xbf,
    0xf0, 0x0, 0x2, 0xff, 0xcb, 0xff, 0x40, 0x0,
    0x3f, 0xfc, 0x7f, 0xfc, 0x0, 0x7, 0xff, 0xc3,
    0xff, 0xe0, 0x1, 0xff, 0xf4, 0x2f, 0xff, 0xea,
    0xff, 0xff, 0x0, 0xff, 0xff, 0xff, 0xff, 0xe0,
    0x7, 0xff, 0xff, 0xff, 0xfc, 0x0, 0x1f, 0xff,
    0xff, 0xfe, 0x0, 0x0, 0x3f, 0xff, 0xff, 0x40,
    0x0, 0x0, 0x2f, 0xfe, 0x40, 0x0,

    /* U+00B7 "·" */
    0x2, 0xfe, 0x0, 0xbf, 0xff, 0x47, 0xff, 0xff,
    0x2f, 0xff, 0xfd, 0xbf, 0xff, 0xfa, 0xff, 0xff,
    0xeb, 0xff, 0xff, 0x5f, 0xff, 0xfc, 0x2f, 0xff,
    0xd0, 0x1b, 0xf8, 0x0
};


/*---------------------
 *  GLYPH DESCRIPTION
 *--------------------*/

static const lv_font_fmt_txt_glyph_dsc_t glyph_dsc[] = {
    {.bitmap_index = 0, .adv_w = 0, .box_w = 0, .box_h = 0, .ofs_x = 0, .ofs_y = 0} /* id = 0 reserved */,
    {.bitmap_index = 0, .adv_w = 250, .box_w = 0, .box_h = 0, .ofs_x = 0, .ofs_y = 0},
    {.bitmap_index = 0, .adv_w = 271, .box_w = 11, .box_h = 43, .ofs_x = 3, .ofs_y = -1},
    {.bitmap_index = 119, .adv_w = 460, .box_w = 23, .box_h = 16, .ofs_x = 3, .ofs_y = 26},
    {.bitmap_index = 211, .adv_w = 620, .box_w = 37, .box_h = 42, .ofs_x = 1, .ofs_y = 0},
    {.bitmap_index = 600, .adv_w = 549, .box_w = 30, .box_h = 49, .ofs_x = 2, .ofs_y = -4},
    {.bitmap_index = 968, .adv_w = 866, .box_w = 52, .box_h = 44, .ofs_x = 1, .ofs_y = -1},
    {.bitmap_index = 1540, .adv_w = 720, .box_w = 43, .box_h = 44, .ofs_x = 2, .ofs_y = -1},
    {.bitmap_index = 2013, .adv_w = 255, .box_w = 10, .box_h = 16, .ofs_x = 3, .ofs_y = 26},
    {.bitmap_index = 2053, .adv_w = 325, .box_w = 17, .box_h = 52, .ofs_x = 2, .ofs_y = -10},
    {.bitmap_index = 2274, .adv_w = 325, .box_w = 17, .box_h = 52, .ofs_x = 1, .ofs_y = -10},
    {.bitmap_index = 2495, .adv_w = 520, .box_w = 30, .box_h = 28, .ofs_x = 1, .ofs_y = 17},
    {.bitmap_index = 2705, .adv_w = 549, .box_w = 30, .box_h = 29, .ofs_x = 2, .ofs_y = 7},
    {.bitmap_index = 2923, .adv_w = 274, .box_w = 13, .box_h = 15, .ofs_x = 1, .ofs_y = -8},
    {.bitmap_index = 2972, .adv_w = 307, .box_w = 17, .box_h = 8, .ofs_x = 1, .ofs_y = 12},
    {.bitmap_index = 3006, .adv_w = 270, .box_w = 11, .box_h = 11, .ofs_x = 3, .ofs_y = -1},
    {.bitmap_index = 3037, .adv_w = 398, .box_w = 25, .box_h = 42, .ofs_x = 0, .ofs_y = 0},
    {.bitmap_index = 3300, .adv_w = 549, .box_w = 31, .box_h = 44, .ofs_x = 2, .ofs_y = -1},
    {.bitmap_index = 3641, .adv_w = 549, .box_w = 22, .box_h = 42, .ofs_x = 3, .ofs_y = 0},
    {.bitmap_index = 3872, .adv_w = 549, .box_w = 31, .box_h = 43, .ofs_x = 2, .ofs_y = 0},
    {.bitmap_index = 4206, .adv_w = 549, .box_w = 30, .box_h = 44, .ofs_x = 2, .ofs_y = -1},
    {.bitmap_index = 4536, .adv_w = 549, .box_w = 33, .box_h = 42, .ofs_x = 1, .ofs_y = 0},
    {.bitmap_index = 4883, .adv_w = 549, .box_w = 30, .box_h = 43, .ofs_x = 2, .ofs_y = -1},
    {.bitmap_index = 5206, .adv_w = 549, .box_w = 31, .box_h = 44, .ofs_x = 2, .ofs_y = -1},
    {.bitmap_index = 5547, .adv_w = 549, .box_w = 32, .box_h = 42, .ofs_x = 1, .ofs_y = 0},
    {.bitmap_index = 5883, .adv_w = 549, .box_w = 31, .box_h = 44, .ofs_x = 2, .ofs_y = -1},
    {.bitmap_index = 6224, .adv_w = 549, .box_w = 32, .box_h = 44, .ofs_x = 1, .ofs_y = -1},
    {.bitmap_index = 6576, .adv_w = 270, .box_w = 11, .box_h = 34, .ofs_x = 3, .ofs_y = -1},
    {.bitmap_index = 6670, .adv_w = 274, .box_w = 13, .box_h = 41, .ofs_x = 1, .ofs_y = -8},
    {.bitmap_index = 6804, .adv_w = 549, .box_w = 30, .box_h = 33, .ofs_x = 2, .ofs_y = 5},
    {.bitmap_index = 7052, .adv_w = 549, .box_w = 30, .box_h = 18, .ofs_x = 2, .ofs_y = 12},
    {.bitmap_index = 7187, .adv_w = 549, .box_w = 30, .box_h = 33, .ofs_x = 2, .ofs_y = 5},
    {.bitmap_index = 7435, .adv_w = 458, .box_w = 28, .box_h = 44, .ofs_x = 0, .ofs_y = -1},
    {.bitmap_index = 7743, .adv_w = 862, .box_w = 50, .box_h = 48, .ofs_x = 2, .ofs_y = -6},
    {.bitmap_index = 8343, .adv_w = 664, .box_w = 42, .box_h = 42, .ofs_x = 0, .ofs_y = 0},
    {.bitmap_index = 8784, .adv_w = 638, .box_w = 32, .box_h = 42, .ofs_x = 5, .ofs_y = 0},
    {.bitmap_index = 9120, .adv_w = 616, .box_w = 34, .box_h = 44, .ofs_x = 3, .ofs_y = -1},
    {.bitmap_index = 9494, .adv_w = 703, .box_w = 36, .box_h = 42, .ofs_x = 5, .ofs_y = 0},
    {.bitmap_index = 9872, .adv_w = 538, .box_w = 26, .box_h = 42, .ofs_x = 5, .ofs_y = 0},
    {.bitmap_index = 10145, .adv_w = 527, .box_w = 25, .box_h = 42, .ofs_x = 5, .ofs_y = 0},
    {.bitmap_index = 10408, .adv_w = 695, .box_w = 36, .box_h = 44, .ofs_x = 3, .ofs_y = -1},
    {.bitmap_index = 10804, .adv_w = 734, .box_w = 36, .box_h = 42, .ofs_x = 5, .ofs_y = 0},
    {.bitmap_index = 11182, .adv_w = 373, .box_w = 21, .box_h = 42, .ofs_x = 1, .ofs_y = 0},
    {.bitmap_index = 11403, .adv_w = 318, .box_w = 20, .box_h = 55, .ofs_x = -5, .ofs_y = -13},
    {.bitmap_index = 11678, .adv_w = 637, .box_w = 35, .box_h = 42, .ofs_x = 5, .ofs_y = 0},
    {.bitmap_index = 12046, .adv_w = 537, .box_w = 27, .box_h = 42, .ofs_x = 5, .ofs_y = 0},
    {.bitmap_index = 12330, .adv_w = 905, .box_w = 47, .box_h = 42, .ofs_x = 5, .ofs_y = 0},
    {.bitmap_index = 12824, .adv_w = 780, .box_w = 39, .box_h = 42, .ofs_x = 5, .ofs_y = 0},
    {.bitmap_index = 13234, .adv_w = 759, .box_w = 42, .box_h = 44, .ofs_x = 3, .ofs_y = -1},
    {.bitmap_index = 13696, .adv_w = 596, .box_w = 30, .box_h = 42, .ofs_x = 5, .ofs_y = 0},
    {.bitmap_index = 14011, .adv_w = 759, .box_w = 42, .box_h = 53, .ofs_x = 3, .ofs_y = -10},
    {.bitmap_index = 14568, .adv_w = 630, .box_w = 35, .box_h = 42, .ofs_x = 5, .ofs_y = 0},
    {.bitmap_index = 14936, .adv_w = 529, .box_w = 29, .box_h = 44, .ofs_x = 2, .ofs_y = -1},
    {.bitmap_index = 15255, .adv_w = 554, .box_w = 33, .box_h = 42, .ofs_x = 1, .ofs_y = 0},
    {.bitmap_index = 15602, .adv_w = 726, .box_w = 36, .box_h = 43, .ofs_x = 5, .ofs_y = -1},
    {.bitmap_index = 15989, .adv_w = 624, .box_w = 39, .box_h = 42, .ofs_x = 0, .ofs_y = 0},
    {.bitmap_index = 16399, .adv_w = 928, .box_w = 59, .box_h = 42, .ofs_x = 0, .ofs_y = 0},
    {.bitmap_index = 17019, .adv_w = 643, .box_w = 40, .box_h = 42, .ofs_x = 0, .ofs_y = 0},
    {.bitmap_index = 17439, .adv_w = 601, .box_w = 38, .box_h = 42, .ofs_x = 0, .ofs_y = 0},
    {.bitmap_index = 17838, .adv_w = 556, .box_w = 33, .box_h = 42, .ofs_x = 1, .ofs_y = 0},
    {.bitmap_index = 18185, .adv_w = 318, .box_w = 15, .box_h = 52, .ofs_x = 4, .ofs_y = -10},
    {.bitmap_index = 18380, .adv_w = 398, .box_w = 25, .box_h = 42, .ofs_x = 0, .ofs_y = 0},
    {.bitmap_index = 18643, .adv_w = 318, .box_w = 15, .box_h = 52, .ofs_x = 1, .ofs_y = -10},
    {.bitmap_index = 18838, .adv_w = 549, .box_w = 32, .box_h = 28, .ofs_x = 1, .ofs_y = 15},
    {.bitmap_index = 19062, .adv_w = 395, .box_w = 26, .box_h = 5, .ofs_x = -1, .ofs_y = -9},
    {.bitmap_index = 19095, .adv_w = 350, .box_w = 18, .box_h = 10, .ofs_x = 2, .ofs_y = 36},
    {.bitmap_index = 19140, .adv_w = 575, .box_w = 30, .box_h = 34, .ofs_x = 2, .ofs_y = -1},
    {.bitmap_index = 19395, .adv_w = 607, .box_w = 32, .box_h = 46, .ofs_x = 4, .ofs_y = -1},
    {.bitmap_index = 19763, .adv_w = 495, .box_w = 28, .box_h = 34, .ofs_x = 2, .ofs_y = -1},
    {.bitmap_index = 20001, .adv_w = 607, .box_w = 32, .box_h = 46, .ofs_x = 2, .ofs_y = -1},
    {.bitmap_index = 20369, .adv_w = 573, .box_w = 32, .box_h = 34, .ofs_x = 2, .ofs_y = -1},
    {.bitmap_index = 20641, .adv_w = 372, .box_w = 25, .box_h = 45, .ofs_x = 1, .ofs_y = 0},
    {.bitmap_index = 20923, .adv_w = 607, .box_w = 32, .box_h = 47, .ofs_x = 2, .ofs_y = -14},
    {.bitmap_index = 21299, .adv_w = 624, .box_w = 31, .box_h = 45, .ofs_x = 4, .ofs_y = 0},
    {.bitmap_index = 21648, .adv_w = 287, .box_w = 10, .box_h = 45, .ofs_x = 4, .ofs_y = 0},
    {.bitmap_index = 21761, .adv_w = 286, .box_w = 18, .box_h = 59, .ofs_x = -4, .ofs_y = -14},
    {.bitmap_index = 22027, .adv_w = 595, .box_w = 34, .box_h = 45, .ofs_x = 4, .ofs_y = 0},
    {.bitmap_index = 22410, .adv_w = 286, .box_w = 10, .box_h = 45, .ofs_x = 4, .ofs_y = 0},
    {.bitmap_index = 22523, .adv_w = 936, .box_w = 51, .box_h = 33, .ofs_x = 4, .ofs_y = 0},
    {.bitmap_index = 22944, .adv_w = 624, .box_w = 31, .box_h = 33, .ofs_x = 4, .ofs_y = 0},
    {.bitmap_index = 23200, .adv_w = 600, .box_w = 33, .box_h = 34, .ofs_x = 2, .ofs_y = -1},
    {.bitmap_index = 23481, .adv_w = 607, .box_w = 32, .box_h = 47, .ofs_x = 4, .ofs_y = -14},
    {.bitmap_index = 23857, .adv_w = 607, .box_w = 32, .box_h = 47, .ofs_x = 2, .ofs_y = -14},
    {.bitmap_index = 24233, .adv_w = 429, .box_w = 23, .box_h = 33, .ofs_x = 4, .ofs_y = 0},
    {.bitmap_index = 24423, .adv_w = 482, .box_w = 26, .box_h = 34, .ofs_x = 2, .ofs_y = -1},
    {.bitmap_index = 24644, .adv_w = 417, .box_w = 24, .box_h = 41, .ofs_x = 1, .ofs_y = -1},
    {.bitmap_index = 24890, .adv_w = 624, .box_w = 31, .box_h = 33, .ofs_x = 4, .ofs_y = -1},
    {.bitmap_index = 25146, .adv_w = 548, .box_w = 35, .box_h = 32, .ofs_x = 0, .ofs_y = 0},
    {.bitmap_index = 25426, .adv_w = 822, .box_w = 51, .box_h = 32, .ofs_x = 0, .ofs_y = 0},
    {.bitmap_index = 25834, .adv_w = 555, .box_w = 35, .box_h = 32, .ofs_x = 0, .ofs_y = 0},
    {.bitmap_index = 26114, .adv_w = 548, .box_w = 35, .box_h = 46, .ofs_x = 0, .ofs_y = -14},
    {.bitmap_index = 26517, .adv_w = 473, .box_w = 27, .box_h = 32, .ofs_x = 1, .ofs_y = 0},
    {.bitmap_index = 26733, .adv_w = 378, .box_w = 22, .box_h = 52, .ofs_x = 0, .ofs_y = -10},
    {.bitmap_index = 27019, .adv_w = 529, .box_w = 7, .box_h = 59, .ofs_x = 13, .ofs_y = -14},
    {.bitmap_index = 27123, .adv_w = 378, .box_w = 21, .box_h = 52, .ofs_x = 2, .ofs_y = -10},
    {.bitmap_index = 27396, .adv_w = 549, .box_w = 30, .box_h = 12, .ofs_x = 2, .ofs_y = 15},
    {.bitmap_index = 27486, .adv_w = 407, .box_w = 22, .box_h = 20, .ofs_x = 2, .ofs_y = 23},
    {.bitmap_index = 27596, .adv_w = 270, .box_w = 11, .box_h = 10, .ofs_x = 3, .ofs_y = 16}
};

/*---------------------
 *  CHARACTER MAPPING
 *--------------------*/

static const uint16_t unicode_list_1[] = {
    0x0, 0x7
};

/*Collect the unicode lists and glyph_id offsets*/
static const lv_font_fmt_txt_cmap_t cmaps[] =
{
    {
        .range_start = 32, .range_length = 95, .glyph_id_start = 1,
        .unicode_list = NULL, .glyph_id_ofs_list = NULL, .list_length = 0, .type = LV_FONT_FMT_TXT_CMAP_FORMAT0_TINY
    },
    {
        .range_start = 176, .range_length = 8, .glyph_id_start = 96,
        .unicode_list = unicode_list_1, .glyph_id_ofs_list = NULL, .list_length = 2, .type = LV_FONT_FMT_TXT_CMAP_SPARSE_TINY
    }
};



/*--------------------
 *  ALL CUSTOM DATA
 *--------------------*/

#if LVGL_VERSION_MAJOR == 8
/*Store all the custom data of the font*/
static  lv_font_fmt_txt_glyph_cache_t cache;
#endif

#if LVGL_VERSION_MAJOR >= 8
static const lv_font_fmt_txt_dsc_t font_dsc = {
#else
static lv_font_fmt_txt_dsc_t font_dsc = {
#endif
    .glyph_bitmap = glyph_bitmap,
    .glyph_dsc = glyph_dsc,
    .cmaps = cmaps,
    .kern_dsc = NULL,
    .kern_scale = 0,
    .cmap_num = 2,
    .bpp = 2,
    .kern_classes = 0,
    .bitmap_format = 0,
#if LVGL_VERSION_MAJOR == 8
    .cache = &cache
#endif
};



/*-----------------
 *  PUBLIC FONT
 *----------------*/

/*Initialize a public general font descriptor*/
#if LVGL_VERSION_MAJOR >= 8
const lv_font_t NS_Bold_60_data = {
#else
lv_font_t NS_Bold_60_data = {
#endif
    .get_glyph_dsc = lv_font_get_glyph_dsc_fmt_txt,    /*Function pointer to get glyph's data*/
    .get_glyph_bitmap = lv_font_get_bitmap_fmt_txt,    /*Function pointer to get glyph's bitmap*/
    .line_height = 60,          /*The maximum line height required by the font*/
    .base_line = 14,             /*Baseline measured from the bottom of the line*/
#if !(LVGL_VERSION_MAJOR == 6 && LVGL_VERSION_MINOR == 0)
    .subpx = LV_FONT_SUBPX_NONE,
#endif
#if LV_VERSION_CHECK(7, 4, 0) || LVGL_VERSION_MAJOR >= 8
    .underline_position = -6,
    .underline_thickness = 3,
#endif
    .dsc = &font_dsc,          /*The custom font data. Will be accessed by `get_glyph_bitmap/dsc` */
#if LV_VERSION_CHECK(8, 2, 0) || LVGL_VERSION_MAJOR >= 9
    .fallback = NULL,
#endif
    .user_data = NULL,
};



#endif /*#if NS_BOLD_60_DATA*/

